4;Dont Stop the music;;2025-04-05 00:00:00;;;ACHTUNG: BASIERT AUF DER LP16 DATEI SONAR;;;;;;triolen:;676.6667;338.3333;169.1667
;BPM;;StartTakt;;;;Takte/min;min/takt;sek/takt;ms/takt:;ms / halbtakt;; ;Hz;Hz
;118;;2147;;;akkum.;29.5;0.0339;2.0339;2033.8983;1016.9492;508.4746;254.2373;0.4917;0.9833;3.9333;1.9667
;;StartBit;0.375;;;Abweichung;;;2147.375;2030;1015;510;255;127.5;63.75
;Songpart;ms gerundet!!;LED-Programm;ms;; (+ zu schnell);BPM;von takt;bis takt;takte;sek/takt;sekunden;millis;millis akkum;millis akkum
;;;;;;;;;;;;;;theoret. Exakt;tatsächlich
0;pause;7374;;7372.8814;;-1.1186;118;2147.375;2151;3.625;2.0339;7.3729;7372.8814;7372.8814;7374
5;intro;16270;;16271.1864;;0.0678;118;2151;2159;8;2.0339;16.2712;16271.1864;23644.0678;23644
10;ist gettin late;16270;;16271.1864;;1.2542;118;2159;2167;8;2.0339;16.2712;16271.1864;39915.2542;39914
15;who knew …;16270;;16271.1864;;2.4407;118;2167;2175;8;2.0339;16.2712;16271.1864;56186.4407;56184
20;do u know what u started;16275;;16271.1864;;-1.3729;118;2175;2183;8;2.0339;16.2712;16271.1864;72457.6271;72459
25;chorus 1a: i wanna take it away;8136;;8135.5932;;-1.7797;118;2183;2187;4;2.0339;8.1356;8135.5932;80593.2203;80595
30;chorus 1a: i just cant refuse it;8136;;8135.5932;;-2.1864;118;2187;2191;4;2.0339;8.1356;8135.5932;88728.8136;88731
35;chorus 1b;8136;;8135.5932;;-2.1864;118;2191;2195;4;2.0339;8.1356;8135.5932;88728.8136;88731
37;;8136;;8135.5932;;-2.5932;118;2195;2199;4;2.0339;8.1356;8135.5932;96864.4068;96867
40;verse 2;16270;;16271.1864;;-1;118;2199;2207;8;2.0339;16.2712;16271.1864;105000;105001
45;do u know what u started;16270;;16271.1864;;0.1864;118;2207;2215;8;2.0339;16.2712;16271.1864;121271.1864;121271
50;bridge: bass solo;15254;;15254.2373;;0.4237;118;2215;2222.5;7.5;2.0339;15.2542;15254.2373;136525.4237;136525
55;STROBO;1018;;1016.9492;;-0.6271;118;2222.5;2223;0.5;2.0339;1.0169;1016.9492;137542.3729;137543
60;chorus 2a: i wanna take it away;8136;;8135.5932;;-1.0339;118;2223;2227;4;2.0339;8.1356;8135.5932;145677.9661;145679
65;chorus 2a: i just cant refuse it;8136;;8135.5932;;-1.4407;118;2227;2231;4;2.0339;8.1356;8135.5932;153813.5593;153815
70;chorus 3a: i wanna take it away;8136;;8135.5932;;-1.8475;118;2231;2235;4;2.0339;8.1356;8135.5932;161949.1525;161951
75;chorus 3a: i just cant refuse it;8136;;8135.5932;;-1.8475;118;2235;2239;4;2.0339;8.1356;8135.5932;161949.1525;161951
80;chorus 4a: i wanna take it away;8136;;8135.5932;;-2.2542;118;2239;2243;4;2.0339;8.1356;8135.5932;170084.7458;170087
85;chorus 4a: i just cant refuse it;8136;;8135.5932;;-2.2542;118;2243;2247;4;2.0339;8.1356;8135.5932;170084.7458;170087
90;Bass Ende;8134;;8135.5932;;-0.661;118;2247;2251;4;2.0339;8.1356;8135.5932;178220.339;178221
95;black;10000
100
;;;LED BOARD;Stripe GIT
;;0;22740;7374
;;1
;;5;;16270
;;10;904
;;;23644;23644
;;;0
;;;;;;String;;Buchstaben;ms;durchläufe;;ms / buchstabe
;;;;;;Nerds on Fire;;13;23400;2;26;900
;;;;;;Physical by Dua Lipa;;20;13060;1;20;653
;;;;;;Take on me by a-ha;;18;14000;1;18;777.7778
;;;;;;Prisoner by Miley Cyrus;;23;17020;1;23;;740;mittelwert
;;;;;;Dancing on my own by Robyn;;26;19240;1;26
;;;;;;Such a shame by Talk Talk;;25;18500;1;25
;;;;;;Shivers by Ed Sheeran;;21;15540;1;21
;;;;;;Enjoy the silence by Depeche Mode;;33;24420;1;33
;;;;;;Firework by Katey Perry;;23;17020;1;23
;;;;;;Abcdefu by Gayle;;16;11840;1;16
;;;;;;Dont stop the music by Rihanna;;30;22200;1;30



