;abcdefu
;BPM;;StartTakt;;;;Takte/min;min/takt;sek/takt;ms/takt:;ms / halbtakt;; ;Hz;Hz;triolisch;;1000;11545
;128;;1214;;;;32;0.0312;1.875;1875;937.5;468.75;234.375;0.5333;1.0667;625;;;13000;19545
;;StartBit;0.25;;;akkum.;;;1214.25;;940;470;235;117.5;58.75;312.5;;23545;;6545
;Songpart;ms gerundet!!;LED-Programm;ms;;Abweichung;BPM;von takt;bis takt;takte;sek/takt;sekunden;millis;millis akkum;millis akkum;156.25
;;;;;; (+ zu schnell);;;;;;;;theoret. Exakt;tatsächlich
0;pause;7635;BLACK;7636.3636;;1.3636;110;1214.25;1217.75;3.5;2.1818;7.6364;7636.3636;7636.3636;7635;;;24545;24545
2;intro;16910;palette;16909.0909;;0.4545;110;1217.75;1225.5;7.75;2.1818;16.9091;16909.0909;24545.4545;24545
4;STROBE;1090;STROBE;1090.9091;;1.3636;110;1225.5;1226;0.5;2.1818;1.0909;1090.9091;25636.3636;25635
6;verse 1a;15000;;15000;;1.3636;128;1226;1234;8;1.875;15;15000;40636.3636;40635
8;verse 1b;15000;;15000;;1.3636;128;1234;1242;8;1.875;15;15000;55636.3636;55635
10;i was into you;15000;;15000;;1.3636;128;1242;1250;8;1.875;15;15000;70636.3636;70635
15;chorus 1;15000;;15000;;1.3636;128;1250;1258;8;1.875;15;15000;85636.3636;85635
20;na na na na;7500;;7500;;1.3636;128;1258;1262;4;1.875;7.5;7500;93136.3636;93135
25;verse 2;5625;;5625;;1.3636;128;1262;1265;3;1.875;5.625;5625;98761.3636;98760
30;stop;1875;BLACK;1875;;1.3636;128;1265;1266;1;1.875;1.875;1875;100636.3636;100635
35;verse 2 weiter;7500;;7500;;1.3636;128;1266;1270;4;1.875;7.5;7500;108136.3636;108135
40;i was into you;15000;;15000;;1.3636;128;1270;1278;8;1.875;15;15000;123136.3636;123135
45;chorus 2;15000;;15000;;1.3636;128;1278;1286;8;1.875;15;15000;138136.3636;138135
50;na na na na;15000;;15000;;1.3636;128;1286;1294;8;1.875;15;15000;153136.3636;153135
55;chorus 3;15000;;15000;;1.3636;128;1294;1302;8;1.875;15;15000;168136.3636;168135
60;triolen;4690;strobo;4687.5;;-1.1364;128;1302;1304.5;2.5;1.875;4.6875;4687.5;172823.8636;172825
65;STOP;10315;BLACK;10312.5;;-3.6364;128;1304.5;1310;5.5;1.875;10.3125;10312.5;183136.3636;183140
;;24545

