21;TELL IT TO MY HEART;;DONE 06.09.2024;;;ACHTUNG: BASIERT AUF DER LP16 DATEI SONAR;;;;;;triolen:;676.6667;338.3333;169.1667
;BPM;;StartTakt;;;;Takte/min;min/takt;sek/takt;ms/takt:;ms / halbtakt;; ;Hz;Hz
;118;;1545;;;;29.5;0.0339;2.0339;2033.8983;1016.9492;508.4746;254.2373;0.4917;0.9833;3.9333;1.9667
;;StartBit;0.375;;;akkum.;;;1545.375;2030;1015;510;255;127.5;63.75
;Songpart;ms gerundet!!;LED-Programm;ms;;Abweichung;BPM;von takt;bis takt;takte;sek/takt;sekunden;millis;millis akkum;millis akkum
;;;;;; (+ zu schnell);;;;;;;;theoret. Exakt;tatsächlich
0;pause;7375;BLACK;7372.8814;;-2.1186;118;1545.375;1549;3.625;2.0339;7.3729;7372.8814;7372.8814;7375
5;intro chorus;16270;;16271.1864;;-0.9322;118;1549;1557;8;2.0339;16.2712;16271.1864;23644.0678;23645
10;verse;16270;;16271.1864;;0.2542;118;1557;1565;8;2.0339;16.2712;16271.1864;39915.2542;39915
15;bridge;14240;;14237.2881;;-2.4576;118;1565;1572;7;2.0339;14.2373;14237.2881;54152.5424;54155
20;pause;1015;;1016.9492;;-0.5085;118;1572;1572.5;0.5;2.0339;1.0169;1016.9492;55169.4915;55170
25;snareauftakt;1015;;1016.9492;;1.4407;118;1572.5;1573;0.5;2.0339;1.0169;1016.9492;56186.4407;56185
30;chorus 1;16275;;16271.1864;;-2.3729;118;1573;1581;8;2.0339;16.2712;16271.1864;72457.6271;72460
35;verse 2;16270;;16271.1864;;-1.1864;118;1581;1589;8;2.0339;16.2712;16271.1864;88728.8136;88730
40;bridge;14235;;14237.2881;;1.1017;118;1589;1596;7;2.0339;14.2373;14237.2881;102966.1017;102965
45;pause;1020;;1016.9492;;-1.9492;118;1596;1596.5;0.5;2.0339;1.0169;1016.9492;103983.0508;103985
50;snareauftakt;1015;;1016.9492;;0;118;1596.5;1597;0.5;2.0339;1.0169;1016.9492;105000;105000
55;chorus 2;16270;;16271.1864;;1.1864;118;1597;1605;8;2.0339;16.2712;16271.1864;121271.1864;121270
60;SOLO;16270;;16271.1864;;2.3729;118;1605;1613;8;2.0339;16.2712;16271.1864;137542.3729;137540
65;love on the run;16275;;16271.1864;;-1.4407;118;1613;1621;8;2.0339;16.2712;16271.1864;153813.5593;153815
70;pause;1015;;1016.9492;;0.5085;118;1621;1621.5;0.5;2.0339;1.0169;1016.9492;154830.5085;154830
75;snareauftakt;1015;;1016.9492;;2.4576;118;1621.5;1622;0.5;2.0339;1.0169;1016.9492;155847.4576;155845
80;chorus 3;16275;;16271.1864;;-1.3559;118;1622;1630;8;2.0339;16.2712;16271.1864;172118.6441;172120
85;chorus 4;16270;;16271.1864;;-0.1695;118;1630;1638;8;2.0339;16.2712;16271.1864;188389.8305;188390
90;outro F;1015;;1016.9492;;1.7797;118;1638;1638.5;0.5;2.0339;1.0169;1016.9492;189406.7797;189405
95;outro G;1020;;1016.9492;;-1.2712;118;1638.5;1639;0.5;2.0339;1.0169;1016.9492;190423.7288;190425
100;outro A;4065;;4067.7966;;1.5254;118;1639;1641;2;2.0339;4.0678;4067.7966;194491.5254;194490
105;BLACK;10000;;-945762.7119;;-955761.1864;118;1641;1176;-465;2.0339;-945.7627;-945762.7119;-751271.1864;204490


;;;;;;;;6561.875

