2;Physical (OHNE TRAILER);;am 13.08.2023 gemacht
;BPM;;StartTakt;;;;Takte/min;min/takt;sek/takt;ms/takt:;ms / halbtakt;; ;Hz;Hz
;147;;2235;;;;36.75;0.0272;1.6327;1632.6531;816.3265;408.1633;204.0816;0.6125;1.225
;;StartBit;0.125;;;akkum.;;;2235.125;;815;410;205;102.5;51.25
;Songpart;ms gerundet!!;LED-Programm;ms;;Abweichung;BPM;von takt;bis takt;takte;sek/takt;sekunden;millis;millis akkum;millis akkum
;;;;;; (+ zu schnell);;;;;;;;theoret. Exakt;tatsächlich
0;pause;1430;BLACK;1428.5714;;-1.4286;147;2235.125;2236;0.875;1.6327;1.4286;1428.5714;1428.5714;1430
20;synth intro;13060;STROBE;13061.2245;;-0.2041;147;2236;2244;8;1.6327;13.0612;13061.2245;14489.7959;14490
25;instrumental;13060;STROBE;13061.2245;;1.0204;147;2244;2252;8;1.6327;13.0612;13061.2245;27551.0204;27550
30;verse 1;26130;progFullColors;26122.449;;-6.5306;147;2252;2268;16;1.6327;26.1224;26122.449;53673.4694;53680;16
35;who needs to go to sleep;2440;BLACK;2448.9796;;2.449;147;2268;2269.5;1.5;1.6327;2.449;2448.9796;56122.449;56120;1.5
40;strobe auf synth auftakt;820;STROBE;816.3265;;-1.2245;147;2269.5;2270;0.5;1.6327;0.8163;816.3265;56938.7755;56940;0.5
45;Chorus 1;24490;stern;24489.7959;;-1.4286;147;2270;2285;15;1.6327;24.4898;24489.7959;81428.5714;81430;15
50;lets get physical;1630;STROBE;1632.6531;;1.2245;147;2285;2286;1;1.6327;1.6327;1632.6531;83061.2245;83060;1
55;drumfill;1635;progPalette;1632.6531;;-1.1224;147;2286;2287;1;1.6327;1.6327;1632.6531;84693.8776;84695;1
60;snarewirbel;1630;farbstrobe slow;1632.6531;;1.5306;147;2287;2288;1;1.6327;1.6327;1632.6531;86326.5306;86325;1
65;verse 2;24490;progBlingBlingColoring;24489.7959;;1.3265;147;2288;2303;15;1.6327;24.4898;24489.7959;110816.3265;110815;15
70;who needs to go to sleep;1635;BLACK;1632.6531;;-1.0204;147;2303;2304;1;1.6327;1.6327;1632.6531;112448.9796;112450;1
75;chorus 2;24490;palette;24489.7959;;-1.2245;147;2304;2319;15;1.6327;24.4898;24489.7959;136938.7755;136940;15
80;lets get physical;1630;STROBE;1632.6531;;1.4286;147;2319;2320;1;1.6327;1.6327;1632.6531;138571.4286;138570;1
82;hold on 1;13060;progFastBlingBling;13061.2245;;2.6531;147;2320;2328;8;1.6327;13.0612;13061.2245;151632.6531;151630;8
84;hold on 2;11430;progFastBlingBling;11428.5714;;1.2245;147;2328;2335;7;1.6327;11.4286;11428.5714;163061.2245;163060;7
86;lets get physical;1635;STROBE;1632.6531;;-1.1224;147;2335;2336;1;1.6327;1.6327;1632.6531;164693.8776;164695;1
88;SOLO VOC;11425;progPalette;11428.5714;;2.449;147;2336;2343;7;1.6327;11.4286;11428.5714;176122.449;176120;7
90;lets get physical;1635;STROBE;1632.6531;;0.102;147;2343;2344;1;1.6327;1.6327;1632.6531;177755.102;177755;1
92;chorus 3;11430;stern;11428.5714;;-1.3265;147;2344;2351;7;1.6327;11.4286;11428.5714;189183.6735;189185;7
94;lets get physical;1630;STROBE;1632.6531;;1.3265;147;2351;2352;1;1.6327;1.6327;1632.6531;190816.3265;190815;1
96;chorus 4;11430;progFastBlingBling;11428.5714;;-0.102;147;2352;2359;7;1.6327;11.4286;11428.5714;202244.898;202245;7
98;lets get physical;1630;STROBE;1632.6531;;2.551;147;2359;2360;1;1.6327;1.6327;1632.6531;203877.551;203875;1
100;FINITO;6530;BLACK;6530.6122;;3.1633;147;2360;2364;4;1.6327;6.5306;6530.6122;210408.1633;210405;4



