26;Be Mine;;;;;ACHTUNG: BASIERT AUF: ALLE_SONGS;;;;;;triolen:;630.6667;315.3333;157.6667
;BPM;;StartTakt;;;;Takte/min;min/takt;sek/takt;ms/takt:;ms / halbtakt;; ;Hz;Hz
;126;;2116;;;akkum.;31.5;0.0317;1.9048;1904.7619;952.381;476.1905;238.0952;0.525;1.05;4.2;2.1
;;StartBit;0.375;;;Abweichung;;;2116.375;1892;946;470;234;117;58.5
;Songpart;ms gerundet!!;LED-Programm;ms;; (+ zu schnell);BPM;von takt;bis takt;takte;sek/takt;sekunden;millis;millis akkum;millis akkum
;;;;;;;;;;;;;;theoret. Exakt;tatsächlich
0;pause;5000;black;5000;;0;126;2116.375;2119;2.625;1.9048;5;5000;5000;5000
5;intro;15238.0952;blingblingcoloring;15238.0952;;0;126;2119;2127;8;1.9048;15.2381;15238.0952;20238.0952;20238.0952
10;verse 1a;15238.0952;palette 1;15238.0952;;0;126;2127;2135;8;1.9048;15.2381;15238.0952;35476.1905;35476.1905
12;verse 1b;15238.0952;palette 4;15238.0952;;0;126;2135;2143;8;1.9048;15.2381;15238.0952;50714.2857;50714.2857
14;you got me so high;13333.3333;randomlines;13333.3333;;0;126;2143;2150;7;1.9048;13.3333;13333.3333;64047.619;64047.619
16;snareroll;1904.7619;fastbling;1904.7619;;0;126;2150;2151;1;1.9048;1.9048;1904.7619;65952.381;65952.381
18;chorus 1;15238.0952;fullcolors langsam;15238.0952;;0;126;2151;2159;8;1.9048;15.2381;15238.0952;81190.4762;81190.4762
20;übergang;1904.7619;BLACK;1904.7619;;0;126;2159;2160;1;1.9048;1.9048;1904.7619;67857.1429;67857.1429
22;verse 2;15238.0952;palette 8;15238.0952;;0;126;2160;2168;8;1.9048;15.2381;15238.0952;96428.5714;96428.5714
24;im going crazy;15238.0952;matrix horizontal;15238.0952;;0;126;2168;2176;8;1.9048;15.2381;15238.0952;83095.2381;83095.2381
26;you got me so high;13333.3333;randomlines;13333.3333;;0;126;2176;2183;7;1.9048;13.3333;13333.3333;109761.9048;109761.9048
28;snareroll;1904.7619;fastbling;1904.7619;;0;126;2183;2184;1;1.9048;1.9048;1904.7619;85000;85000
30;chorus 2;13333.3333;fullcolors schnell;13333.3333;;0;126;2184;2191;7;1.9048;13.3333;13333.3333;123095.2381;123095.2381
32;strobe;1904.7619;strobo;1904.7619;;0;126;2191;2192;1;1.9048;1.9048;1904.7619;86904.7619;86904.7619
34;chorus 3;15238.0952;fastbling;15238.0952;;0;126;2192;2200;8;1.9048;15.2381;15238.0952;138333.3333;138333.3333
36;BLACK;10000;BLACK;716190.4762;;706190.4762;126;2200;2576;376;1.9048;716.1905;716190.4762;803095.2381;96904.7619


;;;LED BOARD;Stripe GIT
;;0;24435;4355;4355
;;5;;726;5081
;;10;;17419;22500
;;12;;1935
;;14
;;;24435;24435
;;;0
