;In The Dark;fertig am 16.09.2023
;BPM;;StartTakt;;;;Takte/min;min/takt;sek/takt;ms/takt:;ms / halbtakt;; ;Hz;Hz;triolisch
;116;;1323;1850;;;29;0.0345;2.069;2068.9655;1034.4828;517.2414;258.6207;0.4833;0.9667;689.6552
;;StartBit;0.375;;;akkum.;;;1323.375;;1035;515;260;130;65;344.8276
;Songpart;ms gerundet!!;LED-Programm;ms;;Abweichung;BPM;von takt;bis takt;takte;sek/takt;sekunden;millis;millis akkum;millis akkum;172.4138
;;;;;; (+ zu schnell);;;;;;;;theoret. Exakt;tatsächlich
0;BLACK;7500;7507.5;7500;7500;0;116;1323.375;1327;3.625;2.069;7.5;7500;7500;7500;3.625
5;intro+ verse 1;33090;33136.103;33103;33105;13.4483;116;1327;1343;16;2.069;33.1034;33103.4483;40603.4483;40590;16
10;bridge;16550;16568.552;16552;16550;15.1724;116;1343;1351;8;2.069;16.5517;16551.7241;57155.1724;57140;8
12;chorus 1;16550;16568.552;16552;16550;16.8966;116;1351;1359;8;2.069;16.5517;16551.7241;73706.8966;73690;8
14;verse 2;16550;16568.552;16552;16550;18.6207;116;1359;1367;8;2.069;16.5517;16551.7241;90258.6207;90240;8
16;bridge 2;16550;16568.552;16552;16550;20.3448;116;1367;1375;8;2.069;16.5517;16551.7241;106810.3448;106790;8
18;chorus 2;16550;16568.552;16552;16550;22.069;116;1375;1383;8;2.069;16.5517;16551.7241;123362.069;123340;8
20;am i going under;16550;16568.552;16552;16550;23.7931;116;1383;1391;8;2.069;16.5517;16551.7241;139913.7931;139890;8
22;bass solo;16550;16568.552;16552;16550;25.5172;116;1391;1399;8;2.069;16.5517;16551.7241;156465.5172;156440;8
24;chorus 3;16550;16568.552;16552;16550;27.2414;116;1399;1407;8;2.069;16.5517;16551.7241;173017.2414;172990;8
26;chorus 4;16550;16568.552;16552;16550;28.9655;116;1407;1415;8;2.069;16.5517;16551.7241;189568.9655;189540;8
28;fade out;6200;6213.207;6207;6205;35.8621;116;1415;1418;3;2.069;6.2069;6206.8966;195775.8621;195740;3
30;BLACK;10000;-944391.448;-943448;-943450;-953412.4138;116;1418;962;-456;2.069;-943.4483;-943448.2759;-747672.4138;205740;-456
32;;;1035.034;1034;1035;-952377.931;116;962;962.5;0.5;2.069;1.0345;1034.4828;-746637.931;205740;0.5
34;;;1035.034;1034;1035;-951343.4483;116;962.5;963;0.5;2.069;1.0345;1034.4828;-745603.4483;205740;0.5




