3;TAKE ON ME;am 27.05.2024 auf 154 BPM geändert;;;;ACHTUNG: BASIERT AUF DER LP16 DATEI SONAR;;;;;;triolen:;520;260;130
;BPM;;StartTakt;;;;Takte/min;min/takt;sek/takt;ms/takt:;ms / halbtakt;; ;Hz;Hz;;;;11885;5650
;154;;1016;;;;38.5;0.026;1.5584;1558.4416;779.2208;389.6104;194.8052;0.6417;1.2833;5.1333;2.5667;;;6235
;;StartBit;0.375;;;akkum.;;;1016.375;1560;780;390;195;97.5;48.75
;Songpart;ms gerundet!!;LED-Programm;ms;;Abweichung;BPM;von takt;bis takt;takte;sek/takt;sekunden;millis;millis akkum;millis akkum
;;;;;; (+ zu schnell);;;;;;;;theoret. Exakt;tatsächlich;;;;11885;11885;14000
0;pause;5650;BLACK;5649.3506;;-0.6494;154;1016.375;1020;3.625;1.5584;5.6494;5649.3506;5649.3506;5650;;;;;;2115
5;drumIntro;6235;STROBE;6233.7662;;-1.8831;154;1020;1024;4;1.5584;6.2338;6233.7662;11883.1169;11885
10;synthIntro;6230;STROBE;6233.7662;;1.8831;154;1024;1028;4;1.5584;6.2338;6233.7662;18116.8831;18115;;;;;6230;4115
15;gitIntro;6235;progFullColors;6233.7662;;0.6494;154;1028;1032;4;1.5584;6.2338;6233.7662;24350.6494;24350
20;chorus 1;18700;BLACK;18701.2987;;1.9481;154;1032;1044;12;1.5584;18.7013;18701.2987;43051.9481;43050
25;verse 1;18705;STROBE;18701.2987;;-1.7532;154;1044;1056;12;1.5584;18.7013;18701.2987;61753.2468;61755
30;take on me;12465;stern;12467.5325;;0.7792;154;1056;1064;8;1.5584;12.4675;12467.5325;74220.7792;74220
35;tom-halfTime;6235;STROBE;6233.7662;;-0.4545;154;1064;1068;4;1.5584;6.2338;6233.7662;80454.5455;80455
40;letzter durchgang;6235;progPalette;6233.7662;;-1.6883;154;1068;1072;4;1.5584;6.2338;6233.7662;86688.3117;86690
45;chorus 2;12465;farbstrobe slow;12467.5325;;0.8442;154;1072;1080;8;1.5584;12.4675;12467.5325;99155.8442;99155
50;verse 2;18700;progBlingBlingColoring;18701.2987;;2.1429;154;1080;1092;12;1.5584;18.7013;18701.2987;117857.1429;117855
55;take on me;12470;BLACK;12467.5325;;-0.3247;154;1092;1100;8;1.5584;12.4675;12467.5325;130324.6753;130325
60;tom-halfTime;6235;palette;6233.7662;;-1.5584;154;1100;1104;4;1.5584;6.2338;6233.7662;136558.4416;136560
65;letzter durchgang;6230;STROBE;6233.7662;;2.2078;154;1104;1108;4;1.5584;6.2338;6233.7662;142792.2078;142790
70;BRIDGE;18705;progFastBlingBling;18701.2987;;-1.4935;154;1108;1120;12;1.5584;18.7013;18701.2987;161493.5065;161495
75;SOLO SYNTH;6230;progFastBlingBling;6233.7662;;2.2727;154;1120;1124;4;1.5584;6.2338;6233.7662;167727.2727;167725
80;chorus 3;18705;STROBE;18701.2987;;-1.4286;154;1124;1136;12;1.5584;18.7013;18701.2987;186428.5714;186430
85;verse 3;18700;progPalette;18701.2987;;-0.1299;154;1136;1148;12;1.5584;18.7013;18701.2987;205129.8701;205130
90;take on me;12465;STROBE;12467.5325;;2.4026;154;1148;1156;8;1.5584;12.4675;12467.5325;217597.4026;217595
95;tom-halfTime;6235;stern;6233.7662;;1.1688;154;1156;1160;4;1.5584;6.2338;6233.7662;223831.1688;223830
100;letzter durchgang;6235;BLACK;6233.7662;;-0.0649;154;1160;1164;4;1.5584;6.2338;6233.7662;230064.9351;230065
105;chorus 3;18700;;18701.2987;;1.2338;154;1164;1176;12;1.5584;18.7013;18701.2987;248766.2338;248765
110;BLACK;10000;BLACK;-9350.6494;;-19349.4156;154;1176;1170;-6;1.5584;-9.3506;-9350.6494;239415.5844;258765
;;;;;;;;1170;;-1170;#DIV/0!;#DIV/0!;#DIV/0!;#DIV/0!;258765
;;;;;;;;;;0;#DIV/0!;#DIV/0!;#DIV/0!;#DIV/0!;258765



