29;Maniac;;;;;ACHTUNG: BASIERT AUF: ALLE_SONGS;;;;;;triolen:;506.6667;253.3333;126.6667
;BPM;;StartTakt;;;;Takte/min;min/takt;sek/takt;ms/takt:;ms / halbtakt;; ;Hz;Hz
;157;;2477;;;akkum.;39.25;0.0255;1.5287;1528.6624;764.3312;382.1656;191.0828;0.6542;1.3083;5.2333;2.6167
;;StartBit;0.375;;;Abweichung;;;2477.375;1520;760;380;190;95;47.5
;Songpart;ms gerundet!!;LED-Programm;ms;; (+ zu schnell);BPM;von takt;bis takt;takte;sek/takt;sekunden;millis;millis akkum;millis akkum
;;;;;;;;;;;;;;theoret. Exakt;tatsächlich
0;pause;4012.7389;black;4012.7389;;0;157;2477.375;2480;2.625;1.5287;4.0127;4012.7389;4012.7389;4012.7389
5;drums intro;12229.2994;blingblingcoloring;12229.2994;;0;157;2480;2488;8;1.5287;12.2293;12229.2994;16242.0382;16242.0382
10;rock intro;12229.2994;fastbling;12229.2994;;0;157;2488;2496;8;1.5287;12.2293;12229.2994;28471.3376;28471.3376
12;verse 1a;12229.2994;circles;12229.2994;;0;157;2496;2504;8;1.5287;12.2293;12229.2994;40700.6369;40700.6369
14;verse 1b;12229.2994;randomlines;12229.2994;;0;157;2504;2512;8;1.5287;12.2293;12229.2994;52929.9363;52929.9363
16;it could cut you like a knife;10700.6369;fullcolors langsam;10700.6369;;0;157;2512;2519;7;1.5287;10.7006;10700.6369;63630.5732;63630.5732
18;übergang;1528.6624;fastbling;1528.6624;;0;157;2519;2520;1;1.5287;1.5287;1528.6624;65159.2357;65159.2357
20;chorus 1;21401.2739;stern;21401.2739;;0;157;2520;2534;14;1.5287;21.4013;21401.2739;85031.8471;85031.8471
22;stehender chord;4585.9873;matrix horizontal;4585.9873;;0;157;2534;2537;3;1.5287;4.586;4585.9873;69745.2229;69745.2229
24;strobe;1528.6624;strobo;1528.6624;;0;157;2537;2538;1;1.5287;1.5287;1528.6624;86560.5096;86560.5096
26;verse 2a;16050.9554;randomlines;16050.9554;;0;157;2538;2548.5;10.5;1.5287;16.051;16050.9554;85796.1783;85796.1783
28;strobe;1528.6624;strobo;1528.6624;;0;157;2548.5;2549.5;1;1.5287;1.5287;1528.6624;88089.172;88089.172
30;verse 2b;6878.9809;circles;6878.9809;;0;157;2549.5;2554;4.5;1.5287;6.879;6878.9809;92675.1592;92675.1592
32;ist a cold cinetic heat;10700.6369;fullcolors langsam;10700.6369;;0;157;2554;2561;7;1.5287;10.7006;10700.6369;98789.8089;98789.8089
34;strobe;1528.6624;strobo;1528.6624;;0;157;2561;2562;1;1.5287;1.5287;1528.6624;94203.8217;94203.8217
36;chorus 2;21401.2739;stern;21401.2739;;0;157;2562;2576;14;1.5287;21.4013;21401.2739;120191.0828;120191.0828
38;übergang zum instrumental;3057.3248;fastbling;3057.3248;;0;157;2576;2578;2;1.5287;3.0573;3057.3248;97261.1465;97261.1465
40;instrumental a;12229.2994;matrix horizontal;12229.2994;;0;157;2578;2586;8;1.5287;12.2293;12229.2994;132420.3822;132420.3822
42;instrumental b;11464.9682;fullcolors langsam;11464.9682;;0;157;2586;2593.5;7.5;1.5287;11.465;11464.9682;108726.1146;108726.1146
44;strobe;764.3312;strobo;764.3312;;0;157;2593.5;2594;0.5;1.5287;0.7643;764.3312;133184.7134;133184.7134
46;solo a;6114.6497;randomlines schnell;6114.6497;;0;157;2594;2598;4;1.5287;6.1146;6114.6497;114840.7643;114840.7643
48;solo b;6114.6497;palette;6114.6497;;0;157;2598;2602;4;1.5287;6.1146;6114.6497;139299.3631;139299.3631
50;solo c;6114.6497;fastbling;6114.6497;;0;157;2602;2606;4;1.5287;6.1146;6114.6497;120955.414;120955.414
52;solo d;6114.6497;palette;6114.6497;;0;157;2606;2610;4;1.5287;6.1146;6114.6497;145414.0127;145414.0127
54;it could cut you like a knife;10700.6369;fullcolors schnell;10700.6369;;0;157;2610;2617;7;1.5287;10.7006;10700.6369;131656.051;131656.051
56;übergang;1528.6624;strobe;1528.6624;;0;157;2617;2618;1;1.5287;1.5287;1528.6624;146942.6752;146942.6752
58;chorus 3;21401.2739;stern;21401.2739;;0;157;2618;2632;14;1.5287;21.4013;21401.2739;153057.3248;153057.3248
60;stehender chord;3057.3248;matrix horizontal;3057.3248;;0;157;2632;2634;2;1.5287;3.0573;3057.3248;150000;150000
62;abschluss;3057.3248;fastbling;3057.3248;;0;157;2634;2636;2;1.5287;3.0573;3057.3248;156114.6497;156114.6497
64;strobe;1528.6624;strobo;1528.6624;;0;157;2636;2637;1;1.5287;1.5287;1528.6624;151528.6624;151528.6624
66;BLACK;10000;black;-287388.535;;-297388.535;157;2637;2449;-188;1.5287;-287.3885;-287388.535;-131273.8854;166114.6497


;;;LED BOARD;Stripe GIT
;;0;24435;4355;4355
;;5;;726;5081
;;10;;17419;22500
;;12;;1935
;;14
;;;24435;24435
;;;0

