16;Enjoy the silence
;BPM;;StartTakt;;;;Takte/min;min/takt;sek/takt;ms/takt:;ms / halbtakt;; 
;113;;1737;;;;28.25;0.0354;2.1239;2123.8938;1061.9469;530.9735;265.4867
;;StartBit;0.375;;;akkum.;;;1737.375;;1050;525;250;353.9823
;Songpart;ms gerundet!!;LED-Programm;ms;;Abweichung;BPM;von takt;bis takt;takte;sek/takt;sekunden;millis;millis akkum;millis akkum
;;auf 25, 50, 75, 00;;;; (+ zu schnell);;;;;;;;theoret. Exakt;tatsächlich
0;text;7170;scrolltext;7168.1416;;-1.8584;113;1737.375;1740.75;3.375;2.1239;7.1681;7168.1416;7168.1416;7170
2;git;530;strobe;530.9735;;-0.885;113;1740.75;1741;0.25;2.1239;0.531;530.9735;7699.115;7700
4;intro1a;8495;stern;8495.5752;;-0.3097;113;1741;1745;4;2.1239;8.4956;8495.5752;16194.6903;16195
6;intro1b;8495;fastbling;8495.5752;;0.2655;113;1745;1749;4;2.1239;8.4956;8495.5752;24690.2655;24690
10;verse 1a;16990;;16991.1504;;1.4159;113;1749;1757;8;2.1239;16.9912;16991.1504;41681.4159;41680
15;all i ever wanted;8495;;8495.5752;;1.9912;113;1757;1761;4;2.1239;8.4956;8495.5752;50176.9912;50175
20;words are very;7965;;7964.6018;;1.5929;113;1761;1764.75;3.75;2.1239;7.9646;7964.6018;58141.5929;58140
25;STOP;520;;530.9735;;12.5664;113;1764.75;1765;0.25;2.1239;0.531;530.9735;58672.5664;58660
30;drumloop;1590;;1592.9204;;15.4867;113;1765;1765.75;0.75;2.1239;1.5929;1592.9204;60265.4867;60250
32;Strobe;540;;530.9735;;6.4602;113;1765.75;1766;0.25;2.1239;0.531;530.9735;60796.4602;60790
35;synth;17000;;16991.1504;;-2.3894;113;1766;1774;8;2.1239;16.9912;16991.1504;77787.6106;77790
40;verse 1a;8495;;8495.5752;;-1.8142;113;1774;1778;4;2.1239;8.4956;8495.5752;86283.1858;86285
45;verse 1b;8495;;8495.5752;;-1.2389;113;1778;1782;4;2.1239;8.4956;8495.5752;94778.7611;94780
50;all i ever wanted;8495;;8495.5752;;-0.6637;113;1782;1786;4;2.1239;8.4956;8495.5752;103274.3363;103275
55;words are very;8495;;8495.5752;;-0.0885;113;1786;1790;4;2.1239;8.4956;8495.5752;111769.9115;111770
60;1  2  3  4;2125;;2123.8938;;-1.1947;113;1790;1791;1;2.1239;2.1239;2123.8938;113893.8053;113895
65;enjoy the silence;8495;;8495.5752;;-0.6195;113;1791;1795;4;2.1239;8.4956;8495.5752;122389.3805;122390
70;enjoy the silence;8495;;8495.5752;;-0.0442;113;1795;1799;4;2.1239;8.4956;8495.5752;130884.9558;130885
75;bass slap part;16990;;16991.1504;;1.1062;113;1799;1807;8;2.1239;16.9912;16991.1504;147876.1062;147875
80;all i ever wanted;8495;;8495.5752;;1.6814;113;1807;1811;4;2.1239;8.4956;8495.5752;156371.6814;156370
85;words are very;8495;;8495.5752;;2.2566;113;1811;1815;4;2.1239;8.4956;8495.5752;164867.2566;164865
90;all i ever wanted;8500;;8495.5752;;-2.1681;113;1815;1819;4;2.1239;8.4956;8495.5752;173362.8319;173365
95;words are very;8495;;8495.5752;;-1.5929;113;1819;1823;4;2.1239;8.4956;8495.5752;181858.4071;181860
100;1  2  3  4;2125;;2123.8938;;-2.6991;113;1823;1824;1;2.1239;2.1239;2123.8938;183982.3009;183985
105;enjoy the silence;8495;;8495.5752;;-2.1239;113;1824;1828;4;2.1239;8.4956;8495.5752;192477.8761;192480
110;enjoy the silence;8495;;8495.5752;;-1.5487;113;1828;1832;4;2.1239;8.4956;8495.5752;200973.4513;200975
115;enjoy the silence;8495;;8495.5752;;-0.9735;113;1832;1836;4;2.1239;8.4956;8495.5752;209469.0265;209470
120;enjoy the silence;8495;;;;;;;1840


