17;APT;;ok am 28.02.2025;;;ACHTUNG: BASIERT AUF DER LP16 DATEI SONAR;;;;;;triolen:;536.6667;268.3333;134.1667
;BPM;;StartTakt;;;;Takte/min;min/takt;sek/takt;ms/takt:;ms / halbtakt;; ;Hz;Hz
;149;;2397;;;akkum.;37.25;0.0268;1.6107;1610.7383;805.3691;402.6846;201.3423;0.6208;1.2417;4.9667;2.4833
;;StartBit;0.375;;;Abweichung;;;2397.375;1610;805;400;200;100;50
;Songpart;ms gerundet!!;LED-Programm;ms;; (+ zu schnell);BPM;von takt;bis takt;takte;sek/takt;sekunden;millis;millis akkum;millis akkum
;;;;;;;;;;;;;;theoret. Exakt;tatsächlich
0;pause;5840;;5838.9262;;-1.0738;149;2397.375;2401;3.625;1.6107;5.8389;5838.9262;5838.9262;5840
5;bassdrum intro;12885;;12885.906;;-0.1678;149;2401;2409;8;1.6107;12.8859;12885.906;18724.8322;18725
10;verse 1;12885;;12885.906;;0.7383;149;2409;2417;8;1.6107;12.8859;12885.906;31610.7383;31610
15;chorus 1;11275;;11275.1678;;0.906;149;2417;2424;7;1.6107;11.2752;11275.1678;42885.906;42885
20;STOP;1610;;1610.7383;;1.6443;149;2424;2425;1;1.6107;1.6107;1610.7383;44496.6443;44495
25;apt apt apt;12890;;12885.906;;-2.4497;149;2425;2433;8;1.6107;12.8859;12885.906;57382.5503;57385
28;ist whatever;3220;;3221.4765;;-0.9732;149;2433;2435;2;1.6107;3.2215;3221.4765;60604.0268;60605
30;verse 2;9665;;9664.4295;;-3.0201;149;2435;2441;6;1.6107;9.6644;9664.4295;67046.9799;67050
35;chorus 2;11275;;11275.1678;;-2.8523;149;2441;2448;7;1.6107;11.2752;11275.1678;78322.1477;78325
40;STOP;1610;;1610.7383;;-2.1141;149;2448;2449;1;1.6107;1.6107;1610.7383;79932.8859;79935
45;apt apt apt;12885;;12885.906;;-1.2081;149;2449;2457;8;1.6107;12.8859;12885.906;92818.7919;92820
50;hey ….;5640;;5637.5839;;-3.6242;149;2457;2460.5;3.5;1.6107;5.6376;5637.5839;98456.3758;98460
55;get ya get ya;805;;805.3691;;-3.255;149;2460.5;2461;0.5;1.6107;0.8054;805.3691;99261.745;99265
60;hold on;25770;;25771.8121;;-1.443;149;2461;2477;16;1.6107;25.7718;25771.8121;125033.557;125035
65;nur vocals;4830;;4832.2148;;0.7718;149;2477;2480;3;1.6107;4.8322;4832.2148;129865.7718;129865
70;strobo;1610;;1610.7383;;-0.7047;149;2480;2481;1;1.6107;1.6107;1610.7383;126644.2953;126645
75;chorus 5;6445;;6442.953;;-1.2752;149;2481;2485;4;1.6107;6.443;6442.953;136308.7248;136310
80;apt apt apt;25775;;25771.8121;;-3.8926;149;2485;2501;16;1.6107;25.7718;25771.8121;152416.1074;152420
85;BLACK;10000;;9664.4295;;-336.8456;149;2501;2507;6;1.6107;9.6644;9664.4295;145973.1544;146310

;;;LED BOARD;Stripe GIT
;;0;1000;5840
;;1;19000
;;5;;12885
;;10;11610;12885
;;;31610;31610

