25;Friday im in Love;;fertig 21.07.2025;;;ACHTUNG: BASIERT AUF DER LP16 DATEI SONAR;;;;;;triolen:;573.3333;286.6667;143.3333
;BPM;;StartTakt;;;;Takte/min;min/takt;sek/takt;ms/takt:;ms / halbtakt;; ;Hz;Hz
;140;;2629;;;akkum.;35;0.0286;1.7143;1714.2857;857.1429;428.5714;214.2857;0.5833;1.1667;4.6667;2.3333
;;StartBit;0.375;;;Abweichung;;;2629.375;1720;860;430;215;107.5;53.75
;Songpart;ms gerundet!!;LED-Programm;ms;; (+ zu schnell);BPM;von takt;bis takt;takte;sek/takt;sekunden;millis;millis akkum;millis akkum
;;;;;;;;;;;;;;theoret. Exakt;tatsächlich
0;pause;4500;;4500;;0;140;2629.375;2632;2.625;1.7143;4.5;4500;4500;4500
5;intro;13714.2857;;13714.2857;;0;140;2632;2640;8;1.7143;13.7143;13714.2857;18214.2857;18214.2857
10;intro 2;13714.2857;;13714.2857;;0;140;2640;2648;8;1.7143;13.7143;13714.2857;31928.5714;31928.5714
15;verse 1;13714.2857;;13714.2857;;0;140;2648;2656;8;1.7143;13.7143;13714.2857;45642.8571;45642.8571
20;verse 1b;13714.2857;;13714.2857;;0;140;2656;2664;8;1.7143;13.7143;13714.2857;59357.1429;59357.1429
25;Saturday went;10285.7143;;10285.7143;;0;140;2664;2670;6;1.7143;10.2857;10285.7143;69642.8571;69642.8571
30;verse 2;13714.2857;;13714.2857;;0;140;2670;2678;8;1.7143;13.7143;13714.2857;83357.1429;83357.1429
35;SOLO;13714.2857;;13714.2857;;0;140;2678;2686;8;1.7143;13.7143;13714.2857;83357.1429;83357.1429
40;verse 3;13714.2857;;13714.2857;;0;140;2686;2694;8;1.7143;13.7143;13714.2857;97071.4286;97071.4286
45;Saturday went;10285.7143;;10285.7143;;0;140;2694;2700;6;1.7143;10.2857;10285.7143;93642.8571;93642.8571
50;dressed up;13714.2857;;13714.2857;;0;140;2700;2708;8;1.7143;13.7143;13714.2857;110785.7143;110785.7143
55;dressed up 2;12000;;12000;;0;140;2708;2715;7;1.7143;12;12000;105642.8571;105642.8571
57;strobo;1714.2857;;1714.2857;;0;140;2715;2716;1;1.7143;1.7143;1714.2857;112500;112500
60;verse 4a;13714.2857;;13714.2857;;0;140;2716;2724;8;1.7143;13.7143;13714.2857;119357.1429;119357.1429
65;verse 4b;13714.2857;;13714.2857;;0;140;2724;2732;8;1.7143;13.7143;13714.2857;126214.2857;126214.2857
70;outro chorus 1;13714.2857;;13714.2857;;0;140;2732;2740;8;1.7143;13.7143;13714.2857;133071.4286;133071.4286
75;outro chorus 2;12000;;12000;;0;140;2740;2747;7;1.7143;12;12000;138214.2857;138214.2857
80;git fade out;5142.8571;;5142.8571;;0;140;2747;2750;3;1.7143;5.1429;5142.8571;138214.2857;138214.2857
85;BLACK;10000;;-426857.1429;;-436857.1429;140;2750;2501;-249;1.7143;-426.8571;-426857.1429;-288642.8571;148214.2857


;;;LED BOARD;Stripe GIT
;;0;23645;4500;4500
;;5;;13714;18214
;;10;8283;13714;31928
;;15
;;;31928;31928




