;Titanium;02.05.2021: FERTIG! +6.5.21: millis optimiert!
;BPM;;StartTakt;;;;Takte/min;min/takt;sek/takt;ms/takt:;ms / halbtakt;; 
;126;;1;;;;31.5;0.0317;1.9048;1904.7619;952.381;476.1905;238.0952
;;StartBit;1;;;akkum.;;;2;;950;475;240
;Songpart;ms gerundet!!;LED-Programm;ms;;Abweichung;BPM;von takt;bis takt;takte;sek/takt;sekunden;millis;millis akkum (theor.);millis akkum (tatsächlich);einzeln;akkum
;;auf 25, 50, 75, 00;;;; (+ zu schnell);;;;;;;;;;abweichung;abweichung;test;test;test;test
0;text;11905;scrolltext;11904.7619;;#REF!;126;2;8.25;6.25;1.9048;11.9048;#REF!;#REF!;11905;-0.2381;-0.2381;11904.7619;11925;20.2381;20.2381;6.25
5;intro;9045;black;9047.619;;#REF!;126;8.25;13;4.75;1.9048;9.0476;#REF!;#REF!;20950;2.619;2.381;9047.619;9050;2.381;22.619;4.75
10;v1: u shout it out;15240;touch;15238.0952;;#REF!;126;13;21;8;1.9048;15.2381;#REF!;#REF!;36190;-1.9048;0.4762;15238.0952;15250;11.9048;34.5238;8
15;v1: im criticised;15240;me;15238.0952;;#REF!;126;21;29;8;1.9048;15.2381;#REF!;#REF!;51430;-1.9048;-1.4286;15238.0952;15250;11.9048;46.4286;8
20;im bulletproof;15235;;15238.0952;;#REF!;126;29;37;8;1.9048;15.2381;#REF!;#REF!;66665;3.0952;1.6667;15238.0952;15250;11.9048;58.3333;8
25;chorus 1;15240;hold;15238.0952;;#REF!;126;37;45;8;1.9048;15.2381;#REF!;#REF!;81905;-1.9048;-0.2381;15238.0952;15250;11.9048;70.2381;8
30;bridge;15240;me;15238.0952;;#REF!;126;45;53;8;1.9048;15.2381;#REF!;#REF!;97145;-1.9048;-2.1429;15238.0952;15250;11.9048;82.1429;8
35;v2: cut me down;15235;;15238.0952;;#REF!;126;53;61;8;1.9048;15.2381;#REF!;#REF!;112380;3.0952;0.9524;15238.0952;15250;11.9048;94.0476;8
40;v2: race your voice;15240;;15238.0952;;#REF!;126;61;69;8;1.9048;15.2381;#REF!;#REF!;127620;-1.9048;-0.9524;15238.0952;15250;11.9048;105.9524;8
45;im bulletproof;15235;;15238.0952;;#REF!;126;69;77;8;1.9048;15.2381;#REF!;#REF!;142855;3.0952;2.1429;15238.0952;15250;11.9048;117.8571;8
50;chorus 2;15240;;15238.0952;;#REF!;126;77;85;8;1.9048;15.2381;#REF!;#REF!;158095;-1.9048;0.2381;15238.0952;15250;11.9048;129.7619;8
55;bridge;14760;;14761.9048;;#REF!;126;85;92.75;7.75;1.9048;14.7619;#REF!;#REF!;172855;1.9048;2.1429;14761.9048;14775;13.0952;142.8571;7.75
60;Pause: STONE HEART ..;15715;;15714.2857;;#REF!;126;92.75;101;8.25;1.9048;15.7143;#REF!;#REF!;188570;-0.7143;1.4286;15714.2857;15725;10.7143;153.5714;8.25
65;chorus 3;30480;;30476.1905;;#REF!;126;101;117;16;1.9048;30.4762;#REF!;#REF!;219050;-3.8095;-2.381;30476.1905;30500;23.8095;177.381;16
70;chorus 4;;;;;;;;0;;;;;#REF!;219050;0;-2.381;;;;177.381
75;bridge triolisch;13330;;13333.3333;;#REF!;126;117;124;7;1.9048;13.3333;#REF!;#REF!;232380;3.3333;0.9524;13333.3333;13350;16.6667;194.0476;7
80;matrix;7620;;7619.0476;;#REF!;126;124;128;4;1.9048;7.619;#REF!;#REF!;240000;-0.9524;-0;7619.0476;7625;5.9524;200;4
85;BLACK;9525;;9523.8095;;#REF!;126;128;133;5;1.9048;9.5238;#REF!;#REF!;249525;-1.1905;-1.1905;28571.4286;28575;3.5714;203.5714;5
90;;;;;;;;;;;;;;;;;;15238.0952;15250;11.9048;215.4762


16;Enjoy the silence;(CHECKED on 30.04.2021!!!)
;BPM;;;;;;;;Takte/min;min/takt;sek/takt;ms/takt:;ms / halbtakt
;113;;;;;;;;28.25;0.0354;2.1239;2123.8938;1061.9469;530.9735;265.4867
;StartTakt;1737;;;;;;;StartBit;0.375;;;1060;530;265
;Songpart;;;;;ms;;;LED-Programm;von takt;bis takt;takte;sek/takt;sekunden
0;text;113;;;;21504.4248;;;;1737.375;1747.5;10.125;2.1239;21.5044
5;intro1;113;;;;11681.4159;;;;1747.5;1753;5.5;2.1239;11.6814
10;verse 1a;113;;;;8495.5752;;;;1753;1757;4;2.1239;8.4956
15;all i ever wanted;113;;;;8495.5752;;;progFullColors;1757;1761;4;2.1239;8.4956
20;words are very;113;;;;7964.6018;;;progStrobo;1761;1764.75;3.75;2.1239;7.9646
25;STOP;113;;;;530.9735;;;;1764.75;1765;0.25;2.1239;0.531
30;drumloop;113;;;;2123.8938;;;;1765;1766;1;2.1239;2.1239
35;synth;113;;;;16991.1504;;;;1766;1774;8;2.1239;16.9912
40;verse 1a;113;;;;8495.5752;;;progCircles;1774;1778;4;2.1239;8.4956
45;verse 1b;113;;;;8495.5752;;;;1778;1782;4;2.1239;8.4956
50;all i ever wanted;113;;;;8495.5752;;;progCircles;1782;1786;4;2.1239;8.4956
55;words are very;113;;;;8495.5752;;;progCircles;1786;1790;4;2.1239;8.4956
60;1  2  3  4;113;;;;2123.8938;;;;1790;1791;1;2.1239;2.1239
65;enjoy the silence;113;;;;8495.5752;;;;1791;1795;4;2.1239;8.4956
70;enjoy the silence;113;;;;8495.5752;;;;1795;1799;4;2.1239;8.4956
75;bass slap part;113;;;;16991.1504;;;;1799;1807;8;2.1239;16.9912
80;all i ever wanted;113;;;;8495.5752;;;progCircles;1807;1811;4;2.1239;8.4956
85;words are very;113;;;;8495.5752;;;;1811;1815;4;2.1239;8.4956
90;all i ever wanted;113;;;;8495.5752;;;progCircles;1815;1819;4;2.1239;8.4956
95;words are very;113;;;;8495.5752;;;;1819;1823;4;2.1239;8.4956
100;1  2  3  4;113;;;;2123.8938;;;progCircles;1823;1824;1;2.1239;2.1239
105;enjoy the silence;113;;;;8495.5752;;;progFastBlingBling;1824;1828;4;2.1239;8.4956
110;enjoy the silence;113;;;;8495.5752;;;;1828;1832;4;2.1239;8.4956
115;enjoy the silence;113;;;;8495.5752;;;;1832;1836;4;2.1239;8.4956
120;enjoy the silence;113;;;;8495.5752;;;;1836;1840;4;2.1239;8.4956
125;enjoy the silence;113;;;;8495.5752;;;;1840;1844;4;2.1239;8.4956
130;enjoy the silence;113;;;;8495.5752;;;;1844;1848;4;2.1239;8.4956
135;BLACK;113;;;;186902.6549;;;progBlack;1848;1936;88;2.1239;186.9027


