9;I LOVE IT;;OK am 27.02.2025;;;ACHTUNG: BASIERT AUF DER LP16 DATEI SONAR;;;;;;triolen:;666.6667;333.3333;166.6667
;BPM;;StartTakt;;;;Takte/min;min/takt;sek/takt;ms/takt:;ms / halbtakt;; ;Hz;Hz
;120;;2050;;;;30;0.0333;2;2000;1000;500;250;0.5;1;4;2
;;StartBit;0.375;;;akkum.;;;2050.375;2000;1000;500;250;125;62.5
;Songpart;ms gerundet!!;LED-Programm;ms;;Abweichung;BPM;von takt;bis takt;takte;sek/takt;sekunden;millis;millis akkum;millis akkum
;;;;;; (+ zu schnell);;;;;;;;theoret. Exakt;tatsächlich
0;pause;5250;BLACK;5250;;0;120;2050.375;2053;2.625;2;5.25;5250;5250;5250
5;synth intro;8000;;8000;;0;120;2053;2057;4;2;8;8000;13250;13250
10;verse 1;16000;;16000;;0;120;2057;2065;8;2;16;16000;29250;29250
15;chorus 1;8000;;8000;;0;120;2065;2069;4;2;8;8000;37250;37250
20;verse 2;16000;;16000;;0;120;2069;2077;8;2;16;16000;53250;53250
25;chorus 2;8000;;8000;;0;120;2077;2081;4;2;8;8000;61250;61250
30;youre on a different road;16000;;16000;;0;120;2081;2089;8;2;16;16000;77250;77250
35;i love it;16000;;16000;;0;120;2089;2097;8;2;16;16000;93250;93250
40;verse 3;16000;;16000;;0;120;2097;2105;8;2;16;16000;109250;109250
45;chorus 3;16000;;16000;;0;120;2105;2113;8;2;16;16000;125250;125250
50;youre on a different road;14000;;14000;;0;120;2113;2120;7;2;14;14000;139250;139250
55;STOP;2000;;2000;;0;120;2120;2121;1;2;2;2000;141250;141250
60;chorus 4;16000;;16000;;0;120;2121;2129;8;2;16;16000;157250;157250
65;chorus 5;8000;;8000;;0;120;2129;2133;4;2;8;8000;165250;165250
70;BLACK;10000;;10000;;0;120;2133;2138;5;2;10;10000;167250;167250

;;;LED BOARD;Stripe GIT
;;29250;1000;5250
;;9250;19000;8000
;;;9250;16000

;;;29250;29250

