14;SHIVERS
;BPM;;StartTakt;;;;Takte/min;min/takt;sek/takt;ms/takt:;ms / halbtakt;; ;Hz;Hz
;132;;140;;;;33;0.0303;1.8182;1818.1818;909.0909;454.5455;227.2727;0.55;1.1;;;6590;20000;15540;4460
;;StartBit;0.375;;;akkum.;;;140.375;;910;455;225;112.5;56.25;;;29090;15680;20140
;Songpart;ms gerundet!!;LED-Programm;ms;;Abweichung;BPM;von takt;bis takt;takte;sek/takt;sekunden;millis;millis akkum;millis akkum
;;;;;; (+ zu schnell);;;;;;;;theoret. Exakt;tatsächlich
0;pause;6590;BLACK;6590.9091;;0.9091;132;140.375;144;3.625;1.8182;6.5909;6590.9091;6590.9091;6590;;;35680;35680;35680
4;intro;14545;STROBE;14545.4545;;1.3636;132;144;152;8;1.8182;14.5455;14545.4545;21136.3636;21135
8;verse 1;14545;STROBE;14545.4545;;1.8182;132;152;160;8;1.8182;14.5455;14545.4545;35681.8182;35680
12;verse 1b;14545;progFullColors;14545.4545;;2.2727;132;160;168;8;1.8182;14.5455;14545.4545;50227.2727;50225
16;i wanna be that guy;14545;BLACK;14545.4545;;2.7273;132;168;176;8;1.8182;14.5455;14545.4545;64772.7273;64770
20;Chorus 1;14090;STROBE;14090.9091;;3.6364;132;176;183.75;7.75;1.8182;14.0909;14090.9091;78863.6364;78860
24;mini pause;910;stern;909.0909;;2.7273;132;183.75;184.25;0.5;1.8182;0.9091;909.0909;79772.7273;79770
28;Chorus 1b;14090;STROBE;14090.9091;;3.6364;132;184.25;192;7.75;1.8182;14.0909;14090.9091;93863.6364;93860
32;verse 2;14545;progPalette;14545.4545;;4.0909;132;192;200;8;1.8182;14.5455;14545.4545;108409.0909;108405
36;verse 2b;14545;farbstrobe slow;14545.4545;;4.5455;132;200;208;8;1.8182;14.5455;14545.4545;122954.5455;122950
40;i wanna be that guy;14545;progBlingBlingColoring;14545.4545;;5;132;208;216;8;1.8182;14.5455;14545.4545;137500;137495
44;Chorus 1;12730;BLACK;12727.2727;;2.2727;132;216;223;7;1.8182;12.7273;12727.2727;150227.2727;150225
48;mini pause;1820;palette;1818.1818;;0.4545;132;223;224;1;1.8182;1.8182;1818.1818;152045.4545;152045
52;Chorus 1b;14545;STROBE;14545.4545;;0.9091;132;224;232;8;1.8182;14.5455;14545.4545;166590.9091;166590
56;you burn ….;14545;progFastBlingBling;14545.4545;;1.3636;132;232;240;8;1.8182;14.5455;14545.4545;181136.3636;181135
60;you burn …. 2;14545;progFastBlingBling;14545.4545;;1.8182;132;240;248;8;1.8182;14.5455;14545.4545;195681.8182;195680
64;SOLO VOC;3635;STROBE;3636.3636;;3.1818;132;248;250;2;1.8182;3.6364;3636.3636;199318.1818;199315
68;Chorus 1;10000;progPalette;10000;;3.1818;132;250;255.5;5.5;1.8182;10;10000;209318.1818;209315
72;mini pause;910;STROBE;909.0909;;2.2727;132;255.5;256;0.5;1.8182;0.9091;909.0909;210227.2727;210225
76;Chorus 1b;14545;stern;14545.4545;;2.7273;132;256;264;8;1.8182;14.5455;14545.4545;224772.7273;224770
100;FINITO;10000;BLACK;0;;-9997.2727;132;264;264;0;1.8182;0;0;224772.7273;234770



