20;KIDS;;DONE 06.09.2024;;;ACHTUNG: BASIERT AUF DER LP16 DATEI SONAR;;;;;;triolen:;626.6667;313.3333;156.6667
;BPM;;StartTakt;;;;Takte/min;min/takt;sek/takt;ms/takt:;ms / halbtakt;; ;Hz;Hz
;128;;1647;;;;32;0.0312;1.875;1875;937.5;468.75;234.375;0.5333;1.0667;4.2667;2.1333
;;StartBit;0.375;;;akkum.;;;1647.375;1880;940;470;235;117.5;58.75
;Songpart;ms gerundet!!;LED-Programm;ms;;Abweichung;BPM;von takt;bis takt;takte;sek/takt;sekunden;millis;millis akkum;millis akkum
;;;;;; (+ zu schnell);;;;;;;;theoret. Exakt;tatsächlich
0;pause;6795;BLACK;6796.875;;1.875;128;1647.375;1651;3.625;1.875;6.7969;6796.875;6796.875;6795
5;synth intro;15000;;15000;;1.875;128;1651;1659;8;1.875;15;15000;21796.875;21795
10;chorus intro;15000;;15000;;1.875;128;1659;1667;8;1.875;15;15000;36796.875;36795
15;verse 1;15000;;15000;;1.875;128;1667;1675;8;1.875;15;15000;51796.875;51795
20;verse 1b;15000;;15000;;1.875;128;1675;1683;8;1.875;15;15000;66796.875;66795
25;chorus 1;15000;;15000;;1.875;128;1683;1691;8;1.875;15;15000;81796.875;81795
30;chorus 1b;15000;;15000;;1.875;128;1691;1699;8;1.875;15;15000;96796.875;96795
35;verse 2;15000;;15000;;1.875;128;1699;1707;8;1.875;15;15000;111796.875;111795
40;verse 2b;15000;;15000;;1.875;128;1707;1715;8;1.875;15;15000;126796.875;126795
45;chorus 2;15000;;15000;;1.875;128;1715;1723;8;1.875;15;15000;141796.875;141795
50;chorus 2b;15000;;15000;;1.875;128;1723;1731;8;1.875;15;15000;156796.875;156795
55;SOLO;15000;;15000;;1.875;128;1731;1739;8;1.875;15;15000;171796.875;171795
60;SAMPLE;1875;;1875;;1.875;128;1739;1740;1;1.875;1.875;1875;173671.875;173670
65;snarewirbel;1875;;1875;;1.875;128;1740;1741;1;1.875;1.875;1875;175546.875;175545
70;chorus 3;15000;;15000;;1.875;128;1741;1749;8;1.875;15;15000;190546.875;190545
75;chorus 3b;15000;;15000;;1.875;128;1749;1757;8;1.875;15;15000;205546.875;205545
80;pause;7500;;7500;;1.875;128;1757;1761;4;1.875;7.5;7500;213046.875;213045
85;snareauftakt;1875;;1875;;1.875;128;1761;1762;1;1.875;1.875;1875;214921.875;214920
90;chorus 4;15000;;15000;;1.875;128;1762;1770;8;1.875;15;15000;229921.875;229920
95;outro F;3750;;3750;;1.875;128;1770;1772;2;1.875;3.75;3750;233671.875;233670
100;BLACK;10000



