10;BloodyMary
;BPM;;StartTakt;;;;Takte/min;min/takt;sek/takt;ms/takt:;ms / halbtakt;; ;Hz;Hz;triolisch
;114;;1211;1422;;;28.5;0.0351;2.1053;2105.2632;1052.6316;526.3158;263.1579;0.475;0.95;701.7544;;1840;17500;18680;1180
;;StartBit;0.125;;;akkum.;;;1211.125;;1055;525;265;132.5;66.25;350.8772;;16840
;Songpart;ms gerundet!!;LED-Programm;ms;;Abweichung;BPM;von takt;bis takt;takte;sek/takt;sekunden;millis;millis akkum;millis akkum;175.4386
;;;;;; (+ zu schnell);;;;;;;;theoret. Exakt;tatsächlich;;;18680;17500;18680
0;BLACK;1840;1843.842;1842;1840;2.1053;114;1211.125;1212;0.875;2.1053;1.8421;1842.1053;1842.1053;1840;0.875
3;synth intro;16840;16858.842;16842;16840;4.2105;114;1212;1220;8;2.1053;16.8421;16842.1053;18684.2105;18680;8
6;verse 1;16830;16858.842;16842;16840;16.3158;114;1220;1228;8;2.1053;16.8421;16842.1053;35526.3158;35510;8
9;dance dance;16840;16858.842;16842;16840;18.4211;114;1228;1236;8;2.1053;16.8421;16842.1053;52368.4211;52350;8
12;chorus 1;16840;16858.842;16842;16840;20.5263;114;1236;1244;8;2.1053;16.8421;16842.1053;69210.5263;69190;8
15;chorus instrumental;8420;8429.421;8421;8420;21.5789;114;1244;1248;4;2.1053;8.4211;8421.0526;77631.5789;77610;4
18;FX;2105;2107.105;2105;2105;21.8421;114;1248;1249;1;2.1053;2.1053;2105.2632;79736.8421;79715;1
21;verse 2;16830;16858.842;16842;16840;33.9474;114;1249;1257;8;2.1053;16.8421;16842.1053;96578.9474;96545;8
24;dance dance;16840;16858.842;16842;16840;36.0526;114;1257;1265;8;2.1053;16.8421;16842.1053;113421.0526;113385;8
27;chorus 1;16845;16858.842;16842;16840;33.1579;114;1265;1273;8;2.1053;16.8421;16842.1053;130263.1579;130230;8
30;synth break;8350;8429.421;8421;8420;104.2105;114;1273;1277;4;2.1053;8.4211;8421.0526;138684.2105;138580;4
33;git vs synth (git);1050;1054.053;1053;1055;106.8421;114;1277;1277.5;0.5;2.1053;1.0526;1052.6316;139736.8421;139630;0.5
36;git vs synth (synth);1045;1054.053;1053;1055;114.4737;114;1277.5;1278;0.5;2.1053;1.0526;1052.6316;140789.4737;140675;0.5
39;git vs synth (git);1050;1054.053;1053;1055;117.1053;114;1278;1278.5;0.5;2.1053;1.0526;1052.6316;141842.1053;141725;0.5
42;git vs synth (synth);1045;1054.053;1053;1055;124.7368;114;1278.5;1279;0.5;2.1053;1.0526;1052.6316;142894.7368;142770;0.5
45;git vs synth (git);1050;1054.053;1053;1055;127.3684;114;1279;1279.5;0.5;2.1053;1.0526;1052.6316;143947.3684;143820;0.5
48;git vs synth (synth);1045;1054.053;1053;1055;135;114;1279.5;1280;0.5;2.1053;1.0526;1052.6316;145000;144865;0.5
51;git vs synth (git);1055;1054.053;1053;1055;132.6316;114;1280;1280.5;0.5;2.1053;1.0526;1052.6316;146052.6316;145920;0.5
54;git vs synth (synth);1045;1054.053;1053;1055;140.2632;114;1280.5;1281;0.5;2.1053;1.0526;1052.6316;147105.2632;146965;0.5
57;git vs synth (git);1055;1054.053;1053;1055;137.8947;114;1281;1281.5;0.5;2.1053;1.0526;1052.6316;148157.8947;148020;0.5
60;git vs synth (synth);1045;1054.053;1053;1055;145.5263;114;1281.5;1282;0.5;2.1053;1.0526;1052.6316;149210.5263;149065;0.5
63;git vs synth (git);1055;1054.053;1053;1055;143.1579;114;1282;1282.5;0.5;2.1053;1.0526;1052.6316;150263.1579;150120;0.5
66;git vs synth (synth);1045;1054.053;1053;1055;150.7895;114;1282.5;1283;0.5;2.1053;1.0526;1052.6316;151315.7895;151165;0.5
69;git vs synth (git);1055;1054.053;1053;1055;148.4211;114;1283;1283.5;0.5;2.1053;1.0526;1052.6316;152368.4211;152220;0.5
72;git vs synth (synth);1045;1054.053;1053;1055;156.0526;114;1283.5;1284;0.5;2.1053;1.0526;1052.6316;153421.0526;153265;0.5
75;git vs synth (git);1055;1054.053;1053;1055;153.6842;114;1284;1284.5;0.5;2.1053;1.0526;1052.6316;154473.6842;154320;0.5
78;git vs synth (synth);1045;1054.053;1053;1055;161.3158;114;1284.5;1285;0.5;2.1053;1.0526;1052.6316;155526.3158;155365;0.5
81;instrumental;16845;;16842;16840;158.4211;114;1285;1293;8;2.1053;16.8421;16842.1053;172368.4211;172210;8
84;dance dance;16840;;16842;16840;160.5263;114;1293;1301;8;2.1053;16.8421;16842.1053;189210.5263;189050;8
87;chorus a;16845;;16842;16840;157.6316;114;1301;1309;8;2.1053;16.8421;16842.1053;206052.6316;205895;8
90;chorus b;16840;;16842;16840;159.7368;114;1309;1317;8;2.1053;16.8421;16842.1053;222894.7368;222735;8
93;outro ;4210;7370;4211;4210;160.2632;114;1317;1319;2;2.1053;4.2105;4210.5263;227105.2632;226945;3.5
96;Black;10000;;;;;;1319



