;LED-Programm;;;;;Faktor;ms soll;ms ist;ms soll korrig.
;progBlingBlingColoring;;;;;9;20000;180000;2222.2222
;progStern;;;;;5.85;20000;117000;3418.8034
;progStrobo;;;;;1.3;20000;26000;15384.6154
;progCLED;;;;;2.25;20000;45000;8888.8889;progCLED
;progMatrixScanner;;;;;3.95;20000;79000;5063.2911
;progFullColors;;;;;1;20000;20000;20000
;progCircles;;;;;1;20000;20000;20000
;progFastBlingBling;;;;;9.65;20000;193000;2072.5389
;progOutline;;;;;2.15;20000;43000;9302.3256
;progMovingLines;;;;;9.1;20000;182000;2197.8022
;progRandomLines;;;;;1.05;20000;21000;19047.619
;progBlack;;;;;1;20000;20000;20000



;LTF
;BPM;;;;;Takte/min;min/takt;sek/takt;ms/takt:;ms / halbtakt;ms/vierteltakt
;136;;;;;34;0.0294;1.7647;1764.7059;882.3529;441.1765
;;;;;;;;;;875;425
;Songpart;;;ms;;LED-Programm;von takt;bis takt;takte;sek/takt;sekunden
0;klick;;;13676.4706;;Learn to fly by …;1.25;9;7.75;1.7647;13.6765
5;intro;;;7058.8235;;progStern;9;13;4;1.7647;7.0588
10;verse;;;28235.2941;;progRandomLines;13;29;16;1.7647;28.2353
15;chorus;;;24705.8824;;progFullColors;29;43;14;1.7647;24.7059
20;intro 2;;;14117.6471;;progCircles;43;51;8;1.7647;14.1176
25;verse 2;;;28235.2941;;progRandomLines;51;67;16;1.7647;28.2353
30;chorus 2;;;30000;;progFastBlingBling;67;84;17;1.7647;30
35;leise stelle;;;28235.2941;;progStern;84;100;16;1.7647;28.2353
40;steigerung rein;;;3529.4118;;progStrobo;100;102;2;1.7647;3.5294
45;chorus 3;;;24705.8824;;progFullColors;102;116;14;1.7647;24.7059
50;chorus 4;;;21176.4706;;progCLED;116;128;12;1.7647;21.1765
55;abschluss chorus;;;14117.6471;;progFullColors;128;136;8;1.7647;14.1176
60;outro;;;17647.0588;;progStrobo;136;146;10;1.7647;17.6471
65


;Castle
;BPM;;;;;Takte/min;min/takt;sek/takt;ms/takt:;ms / halbtakt
;130;;;;;32.5;0.0308;1.8462;1846.1538;923.0769;461.5385
;;;;;;;;;;925;450
;Songpart;;;ms;;LED-Programm;von takt;bis takt;takte;sek/takt;sekunden
;klick;;;12923.0769;;castle by halsey;3;10;7;1.8462;12.9231
0;vorspann;;;7384.6154;;progBlingBlingColoring;10;14;4;1.8462;7.3846
5;intro;;;7384.6154;;progRandomLines;14;18;4;1.8462;7.3846
10;verse 1;;;29538.4615;;progMatrixScanner;18;34;16;1.8462;29.5385
15;chor 1;;;16615.3846;;progFastBlingBling;34;43;9;1.8462;16.6154
20;im headed straight for the castle;;;1846.1538;;progStern;43;44;1;1.8462;1.8462
25;chorus 1;;;12923.0769;;progCircles;44;51;7;1.8462;12.9231
30;im headed straight for the castle;;;1846.1538;;progFastBlingBling;51;52;1;1.8462;1.8462
35;chorus 1;;;14769.2308;;progCircles;52;60;8;1.8462;14.7692
40;verse 2;;;29538.4615;;progFastBlingBling;60;76;16;1.8462;29.5385
45;chor 2;;;12923.0769;;progStern;76;83;7;1.8462;12.9231
50;im headed straight for the castle;;;1846.1538;;progCLED;83;84;1;1.8462;1.8462
55;chorus 2;;;29538.4615;;progStrobo;84;100;16;1.8462;29.5385
60;bridge;;;19846.1538;;progStern;100;110.75;10.75;1.8462;19.8462
65;git kreischen 1;;;3692.3077;;progOutline;110.75;112.75;2;1.8462;3.6923
70;git kreischen 2;;;6000;;progBlingBlingColoring;112.75;116;3.25;1.8462;6
75;bridge weiter voc;;;14769.2308;;;116;124;8;1.8462;14.7692
80;schrei;;;3692.3077;;;124;126;2;1.8462;3.6923
85;chorus 3;;;29538.4615;;;126;142;16;1.8462;29.5385
90;chorus 4;;;28615.3846;;;142;157.5;15.5;1.8462;28.6154
95;text_straight for the castle;;;13846.1538;;;157.5;165;7.5;1.8462;13.8462




;too close
;BPM;;;;;Takte/min;min/takt;sek/takt;ms/takt:;ms / halbtakt
;126;;;;;31.5;0.0317;1.9048;1904.7619;952.381;476.1905;714.2857

;Songpart;;;ms;;LED-Programm;von takt;bis takt;takte;sek/takt;sekunden
0;klick;;;11904.7619;;Too Close by alex clare;1.25;7.5;6.25;1.9048;11.9048
2;intro;;;25714.2857;;progCircles;7.5;21;13.5;1.9048;25.7143
5;verse;;;45714.2857;;progRandomLines;21;45;24;1.9048;45.7143
10;chorus;;;30476.1905;;progFullColors;45;61;16;1.9048;30.4762
15;intro 2;;;15238.0952;;progCircles;61;69;8;1.9048;15.2381
20;verse 2;;;30476.1905;;progRandomLines;69;85;16;1.9048;30.4762
25;andre alleine;;;5714.2857;;progFastBlingBling;85;88;3;1.9048;5.7143
30;chorus;;;24761.9048;;progStern;88;101;13;1.9048;24.7619
35;hardcore 1;;;15238.0952;;progStrobo;101;109;8;1.9048;15.2381
40;chorus;;;15238.0952;;progFullColors;109;117;8;1.9048;15.2381
45;halftime;;;7619.0476;;progCLED;117;121;4;1.9048;7.619
50;chorus;;;7619.0476;;progFullColors;121;125;4;1.9048;7.619
55;hardcore 1;;;7619.0476;;progStrobo;125;129;4;1.9048;7.619
60;outro;;;13333.3333;;progBlingBlingColoring;129;136;7;1.9048;13.3333


;Pokerface
;BPM;;;;;Takte/min;min/takt;sek/takt;ms/takt:;ms / halbtakt
;119;;;;;29.75;0.0336;2.0168;2016.8067;1008.4034;504.2017;252.1008
;;;;;;;;;;;500;250
;Songpart;;;ms;;LED-Programm;von takt;bis takt;takte;sek/takt;sekunden
0;klick;;;15630.2521;;Pokerface by Lady Gaga;1.25;9;7.75;2.0168;15.6303
1;intro1;;;8067.2269;;progCircles;9;13;4;2.0168;8.0672
2;intro2;;;8067.2269;;progRandomLines;13;17;4;2.0168;8.0672
5;verse;;;16134.4538;;progRandomLines;17;25;8;2.0168;16.1345
10;reggea;;;16134.4538;;progFullColors;25;33;8;2.0168;16.1345
15;pre chorus;;;16134.4538;;progCircles;33;41;8;2.0168;16.1345
20;chorus;;;16134.4538;;progFastBlingBling;41;49;8;2.0168;16.1345
25;verse 2;;;16134.4538;;progFastBlingBling;49;57;8;2.0168;16.1345
30;reggea;;;16134.4538;;progStern;57;65;8;2.0168;16.1345
35;pre chorus;;;16134.4538;;progStrobo;65;73;8;2.0168;16.1345
40;chorus;;;16134.4538;;progFullColors;73;81;8;2.0168;16.1345
45;pause;;;8067.2269;;progCLED;81;85;4;2.0168;8.0672
50;gaga;16125;;16134.4538;;progFullColors;85;93;8;2.0168;16.1345
55;pre chorus;16134;;16134.4538;;progStrobo;93;101;8;2.0168;16.1345
60;chorus;12100;;12100.8403;;progBlingBlingColoring;101;107;6;2.0168;12.1008
65;chorus;4025;;4033.6134;;progBlingBlingColoring;107;109;2;2.0168;4.0336
70;ende;;;10000;;progBlack
100;fini;;;0


;Use Somebody;02.05.2021: noch mal gecheckt …. Naja -> sollte noch mal überarbeitet werden!!!!
;BPM;;;;;Takte/min;min/takt;sek/takt;ms/takt:;ms / halbtakt
;138;;;;;34.5;0.029;1.7391;1739.1304;869.5652;434.7826;217.3913
;;;;;;;;;;875;425;200
;Songpart;;;ms;;LED-Programm;von takt;bis takt;takte;sek/takt;sekunden
0;klick;;;20434.7826;;Pokerface by Lady Gaga;1.25;13;11.75;1.7391;20.4348
1;intro1;;;13913.0435;;progCircles;13;21;8;1.7391;13.913
2;verse 1a;;;27826.087;;progRandomLines;21;37;16;1.7391;27.8261
5;verse 1b;;;27826.087;;progRandomLines;37;53;16;1.7391;27.8261
10;chorus;;;27826.087;;progFullColors;53;69;16;1.7391;27.8261
15;verse 2;;;13913.0435;;progCircles;69;77;8;1.7391;13.913
20;verse 2b;;;13913.0435;;progFastBlingBling;77;85;8;1.7391;13.913
25;chorus 2;;;27826.087;;progFastBlingBling;85;101;16;1.7391;27.8261
30;bridge;;;13913.0435;;progStern;101;109;8;1.7391;13.913
35;solo;;;13913.0435;;progStrobo;109;117;8;1.7391;13.913
40;solo b;;;17391.3043;;progFullColors;117;127;10;1.7391;17.3913
45;outr;;;13913.0435;;progCLED;127;135;8;1.7391;13.913
50;gaga;16125;;-73043.4783;;progFullColors;135;93;-42;1.7391;-73.0435
55;pre chorus;16134;;13913.0435;;progStrobo;93;101;8;1.7391;13.913
60;chorus;12100;;10434.7826;;progBlingBlingColoring;101;107;6;1.7391;10.4348
65;chorus;4025;;3478.2609;;progBlingBlingColoring;107;109;2;1.7391;3.4783
70;ende;;;10000;;progBlack
100;fini;;;0



;No Roots;"im letzten chorus fehlenb die ""ROOTS"" texteinblendungen!"
;BPM;;;;;Takte/min;min/takt;sek/takt;ms/takt:;ms / halbtakt
;116;;;;;29;0.0345;2.069;2068.9655;1034.4828;517.2414;258.6207
;;;;;;;;;;1025;500;250
;Songpart;;;ms;;LED-Programm;von takt;bis takt;takte;sek/takt;sekunden
0;klick;;;11896.5517;;No roots by alice merton;1.25;7;5.75;2.069;11.8966
1;intro1;;;8275.8621;;progCircles;7;11;4;2.069;8.2759
2;verse 1a;;;16551.7241;;progRandomLines;11;19;8;2.069;16.5517
5;verse 1b;;;16551.7241;;progRandomLines;19;27;8;2.069;16.5517
6;bridge;;;7758.6207;;progFullColors;27;30.75;3.75;2.069;7.7586
7;ROOTS 1;1550;;1551.7241;;;30.75;31.5;0.75;2.069;1.5517
8;chorus a;2575;;2586.2069;;progCircles;31.5;32.75;1.25;2.069;2.5862
9;ROOTS 2;1550;;1551.7241;;;32.75;33.5;0.75;2.069;1.5517
10;chorus a;3100;;3103.4483;;progCircles;33.5;35;1.5;2.069;3.1034
11;chorus rooooots;;;7758.6207;;progCircles;35;38.75;3.75;2.069;7.7586
12;ROOTS 1;1550;;1551.7241;;;38.75;39.5;0.75;2.069;1.5517
13;chorus a;2575;;2586.2069;;progCircles;39.5;40.75;1.25;2.069;2.5862
14;ROOTS 2;1550;;1551.7241;;;40.75;41.5;0.75;2.069;1.5517
15;chorus a;3100;;3103.4483;;progCircles;41.5;43;1.5;2.069;3.1034
18;chorus rooooots;;;8275.8621;;progCircles;43;47;4;2.069;8.2759
20;verse 2a;;;16551.7241;;progFastBlingBling;47;55;8;2.069;16.5517
25;verse 2b;;;16551.7241;;progFastBlingBling;55;63;8;2.069;16.5517
27;bridge;;;7758.6207;;progStern;63;66.75;3.75;2.069;7.7586
29;ROOTS 1;1550;;1551.7241;;;66.75;67.5;0.75;2.069;1.5517
31;chorus a;2575;;2586.2069;;progCircles;67.5;68.75;1.25;2.069;2.5862
33;ROOTS 2;1550;;1551.7241;;;68.75;69.5;0.75;2.069;1.5517
35;chorus a;3100;;3103.4483;;progCircles;69.5;71;1.5;2.069;3.1034
37;chorus rooooots;;;7758.6207;;progCircles;71;74.75;3.75;2.069;7.7586
39;ROOTS 1;1550;;1551.7241;;;74.75;75.5;0.75;2.069;1.5517
41;chorus a;2575;;2586.2069;;progCircles;75.5;76.75;1.25;2.069;2.5862
43;ROOTS 2;1550;;1551.7241;;;76.75;77.5;0.75;2.069;1.5517
45;chorus a;3100;;3103.4483;;progCircles;77.5;79;1.5;2.069;3.1034
47;chorus rooooots;;;8275.8621;;progCircles;79;83;4;2.069;8.2759
49;zwischenspiel;;;18620.6897;;progFullColors;83;92;9;2.069;18.6207
51;solo;;;16551.7241;;progCLED;92;100;8;2.069;16.5517
53;chorus;;;8275.8621;;progFullColors;100;104;4;2.069;8.2759
55;chorus;;;8275.8621;;progStrobo;104;108;4;2.069;8.2759
57;chorus;;;8275.8621;;progBlingBlingColoring;108;112;4;2.069;8.2759
59;chorus;;;7758.6207;;progBlingBlingColoring;112;115.75;3.75;2.069;7.7586
61;ROOTS;;;10000;;progBlack;115.75;120;4.25;2.069;8.7931
100;fini;;;0;;;120;200;80;2.069;165.5172


;Firework
;BPM;;;;;Takte/min;min/takt;sek/takt;ms/takt:;ms / halbtakt
;124;;;;;31;0.0323;1.9355;1935.4839;967.7419;483.871;241.9355
;;;;;;;;;;950;475;250
;Songpart;;;ms;;LED-Programm;von takt;bis takt;takte;sek/takt;sekunden
0;text;;;7500;;No roots by alice merton;1.125;5;3.875;1.9355;7.5
5;intro1;;;15483.871;;progCircles;5;13;8;1.9355;15.4839
10;verse 1a;;;15483.871;;progRandomLines;13;21;8;1.9355;15.4839
15;verse 1b;;;15483.871;;progRandomLines;21;29;8;1.9355;15.4839
20;bridge;;;13548.3871;;progFullColors;29;36;7;1.9355;13.5484
22;übergang;;;1935.4839;;;36;37;1;1.9355;1.9355
24;chorus 1;;;14516.129;;;37;44.5;7.5;1.9355;14.5161
26;übergang;;;1006.4516;;;44.5;45.02;0.52;1.9355;1.0065
28;chorus 2;;;15445.1613;;progCircles;45.02;53;7.98;1.9355;15.4452
30;verse 1a;;;15483.871;;;53;61;8;1.9355;15.4839
32;verse 1b;;;15483.871;;progCircles;61;69;8;1.9355;15.4839
34;bridge;;;15483.871;;progCircles;69;77;8;1.9355;15.4839
36;chorus 1;;;15483.871;;;77;85;8;1.9355;15.4839
38;chorus 2;;;15483.871;;progCircles;85;93;8;1.9355;15.4839
40;BRIDGE;;;15483.871;;;93;101;8;1.9355;15.4839
42;pause;;;14516.129;;progCircles;101;108.5;7.5;1.9355;14.5161
43;übergang;;;967.7419;;;108.5;109;0.5;1.9355;0.9677
44;chorus 1;;;15483.871;;progCircles;109;117;8;1.9355;15.4839
46;übergang;;;15483.871;;progFastBlingBling;117;125;8;1.9355;15.4839
48;chorus 2;;;;;;125
;;;;;;;0
;;;;;;;0
;;;;;;;0
48;BLACK;;;251612.9032;;progBlack;0;130;130;1.9355;251.6129
100;fini;;;0;;;130;200;70;1.9355;135.4839






;Diamonds;neu gemacht am 01.05.2021!!
;BPM;;;;;Takte/min;min/takt;sek/takt;ms/takt:;ms / halbtakt
;100;;;;;25;0.04;2.4;2400;1200;600;300
;StartTakt;962;;;;StartBit;4;;;1200;600;300
;Songpart;;;ms;;LED-Programm;von takt;bis takt;takte;sek/takt;sekunden
0;text;100;;9600;;;966;970;4;2.4;9.6
1;v1: finde light;100;;19200;;;970;978;8;2.4;19.2
2;v1: i knew that we;100;;19200;;;978;986;8;2.4;19.2
5;shine bright;100;;19200;;;986;994;8;2.4;19.2
10;chorus 1;100;;19200;;;994;1002;8;2.4;19.2
15;v2: palms rise;100;;28800;;;1002;1014;12;2.4;28.8
20;v2: so shine bright;100;;19200;;;1014;1022;8;2.4;19.2
25;chorus 2;100;;19200;;;1022;1030;8;2.4;19.2
30;;100;;26400;;;1030;1041;11;2.4;26.4
35;;100;;1200;;;1041;1041.5;0.5;2.4;1.2
40;;100;;1200;;;1041.5;1042;0.5;2.4;1.2
45;;100;;19200;;;1042;1050;8;2.4;19.2
50;double;100;;19200;;;1050;1058;8;2.4;19.2
55;;100;;12000;;;1058;1063;5;2.4;12
60;;100;;38400;;;1063;1079;16;2.4;38.4
100;back to default;100


;Set Fire;02.05.2021: FERTIG :)
;BPM;;;;;Takte/min;min/takt;sek/takt;ms/takt:;ms / halbtakt
;115;;;;;28.75;0.0348;2.087;2086.9565;1043.4783;521.7391;260.8696
;StartTakt;1075;;;;StartBit;4;;;1050;525;250
;Songpart;;;ms;;LED-Programm;von takt;bis takt;takte;sek/takt;sekunden
0;text;115;;14347.8261;;progScrollText;1079;1085.875;6.875;2.087;14.3478
1;v1: i let it fall;115;;10695.6522;;"progPalette(10696, 4, 2);";1085.875;1091;5.125;2.087;10.6957
2;v1: my hands;115;;16695.6522;;"progPalette(16696, 8, 5);";1091;1099;8;2.087;16.6957
5;tremolo bridge;115;;14608.6957;;"progPalette(14609, 1, 10);";1099;1106;7;2.087;14.6087
10;chorus 1;115;;16695.6522;;"progStern(16696, 525, 15);";1106;1114;8;2.087;16.6957
15;v2: as i lay …;115;;16695.6522;;"progPalette(16696, 11, 20);";1114;1122;8;2.087;16.6957
20;tremolo bridge;115;;14608.6957;;"progPalette(14609, 1, 25);";1122;1129;7;2.087;14.6087
25;chorus 2 a;115;;16695.6522;;"progCircles(16696, 30, 525);";1129;1137;8;2.087;16.6957
30;chorus 2 b;115;;16695.6522;;"progStern(16696, 525, 35);";1137;1145;8;2.087;16.6957
35;sometimes;115;;16695.6522;;"progFullColors(16696, 40, 525);";1145;1153;8;2.087;16.6957
40;1 takt Stop;115;;2086.9565;;"progMovingLines(2087, 45);";1153;1154;1;2.087;2.087
45;chorus 3 a;115;;16695.6522;;"progCircles(16696, 50, 250);";1154;1162;8;2.087;16.6957
50;chorus 3 b;115;;16695.6522;;"progRandomLines(16696, 55, 250, true);";1162;1170;8;2.087;16.6957
55;SOLO a;115;;16695.6522;;"progFullColors(16696, 60, 525);";1170;1178;8;2.087;16.6957
60;SOLO b;115;;16695.6522;;"progFastBlingBling(16696, 12, 65);";1178;1186;8;2.087;16.6957
65;chorus 4 a;115;;16695.6522;;"progRandomLines(16696, 70, 250, false);";1186;1194;8;2.087;16.6957
70;chorus 4 b;115;;16695.6522;;"progCircles(16696, 75, 250, false);";1194;1202;8;2.087;16.6957
75;matrix;115;;37565.2174;;"progMatrixHorizontal(37565, 80);";1202;1220;18;2.087;37.5652
80;BLACK;115;;-77217.3913;;;1220;1183;-37;2.087;-77.2174
100;back to default;115


;Titanium;02.05.2021: FERTIG!;;;;;;;;;;;triolisch
;BPM;;;;;Takte/min;min/takt;sek/takt;ms/takt:;ms / halbtakt;;;ms / triole
;126;;;;;31.5;0.0317;1.9048;1904.7619;952.381;476.1905;238.0952;634.9206
;StartTakt;1208;;;;StartBit;1;;1900;950;475;250;158.7302
;Songpart;;;ms;;LED-Programm;von takt;bis takt;takte;sek/takt;sekunden
0;text;126;;11904.7619;;"progScrollText(""Titanium by David Guetta"", 11905, 75";1209;1215.25;6.25;1.9048;11.9048
5;intro;126;;9047.619;;"progCircles(9048, 10, 475);";1215.25;1220;4.75;1.9048;9.0476
10;v1: u shout it out;126;;15238.0952;;"progPalette(15238, 6, 15);";1220;1228;8;1.9048;15.2381
15;v1: im criticised;126;;15238.0952;;"progPalette(15238, 3, 20);";1228;1236;8;1.9048;15.2381
20;im bulletproof;126;;15238.0952;;"progMatrixScanner(15238, 25);";1236;1244;8;1.9048;15.2381
25;chorus 1;126;;15238.0952;;"progFullColors(15238, 30, 475);";1244;1252;8;1.9048;15.2381
30;bridge;126;;15238.0952;;"progFastBlingBling(15238, 4, 35);";1252;1260;8;1.9048;15.2381
35;v2: cut me down;126;;15238.0952;;"progPalette(15238, 9, 40);";1260;1268;8;1.9048;15.2381
40;v2: race your voice;126;;15238.0952;;"progPalette(15238, 3, 45);";1268;1276;8;1.9048;15.2381
45;im bulletproof;126;;15238.0952;;"progMatrixScanner(15238, 50);";1276;1284;8;1.9048;15.2381
50;chorus 2;126;;15238.0952;;"progFullColors(15238, 55, 475);";1284;1292;8;1.9048;15.2381
55;bridge;126;;14761.9048;;"progFastBlingBling(15238, 8, 60);";1292;1299.75;7.75;1.9048;14.7619
60;Pause: STONE HEART ..;126;;15714.2857;;"progBlack(15238, 65);";1299.75;1308;8.25;1.9048;15.7143
65;chorus 3;126;;30476.1905;;"progFastBlingBling(30476, 1, 75, 1, 100, 2000);";1308;1324;16;1.9048;30.4762
70;chorus 4;126;;;;(wird übersprungen)
75;bridge triolisch;126;;13333.3333;;"progStrobo(13333, 80, 175, 255, 255, 255);";1324;1331;7;1.9048;13.3333
80;matrix;126;;7619.0476;;"progMatrixHorizontal(7619, 85);";1331;1335;4;1.9048;7.619
85;BLACK;126;;28571.4286;;"progBlack(28571, 100);";1335;1350;15;1.9048;28.5714
90;;126;;15238.0952;;;1350;1358;8;1.9048;15.2381
100;back to default;126

14;Sun always shines on TV;03.05.2021: FERTIG!;;04.05.2021: rundung ms optimiert!!!!
;BPM;;;;;Takte/min;min/takt;sek/takt;ms/takt:;ms / halbtakt;; 
;126;;;;akkum.;31.5;0.0317;1.9048;1904.7619;952.381;476.1905;238.0952
;StartTakt;1446;;1535;Abweichung;StartBit;0.375;1446.375;;950;475;250;317.4603
;Songpart;;ms gerundet!!;ms; (+ zu schnell);LED-Programm;von takt;bis takt;takte;sek/takt;sekunden;millis;millis akkum (theor.);millis akkum (tatsächlich)
;;;auf 25, 50, 75, 00
0;scrolltext;126;16900;16904.7619;4.7619;scrolltext;1446.375;1455.25;8.875;1.9048;16.9048;16904.7619;16904.7619;16900
2;BLACK;126;5250;5238.0952;-7.1429;black;1455.25;1458;2.75;1.9048;5.2381;5238.0952;22142.8571;22150
4;touch;126;950;952.381;-4.7619;touch;1458;1458.5;0.5;1.9048;0.9524;952.381;23095.2381;23100
6;me;126;950;952.381;-2.381;me;1458.5;1459;0.5;1.9048;0.9524;952.381;24047.619;24050
8;intro: how can it be;126;13325;13333.3333;5.9524;;1459;1466;7;1.9048;13.3333;13333.3333;37380.9524;37375
10;hold;126;1900;1904.7619;10.7143;hold;1466;1467;1;1.9048;1.9048;1904.7619;39285.7143;39275
12;me;126;1925;1904.7619;-9.5238;me;1467;1468;1;1.9048;1.9048;1904.7619;41190.4762;41200
14;intro: sun alway shines;126;13325;13333.3333;-1.1905;;1468;1475;7;1.9048;13.3333;13333.3333;54523.8095;54525
16;Steigerung;126;15225;15238.0952;11.9048;;1475;1483;8;1.9048;15.2381;15238.0952;69761.9048;69750
18;vorspiel;126;7625;7619.0476;5.9524;;1483;1487;4;1.9048;7.619;7619.0476;77380.9524;77375
20;melody lick;126;15250;15238.0952;-5.9524;;1487;1495;8;1.9048;15.2381;15238.0952;92619.0476;92625
22;verse 1;126;30475;30476.1905;-4.7619;;1495;1511;16;1.9048;30.4762;30476.1905;123095.2381;123100
24;touch;126;950;952.381;-2.381;;1511;1511.5;0.5;1.9048;0.9524;952.381;124047.619;124050
26;me;126;950;952.381;0;;1511.5;1512;0.5;1.9048;0.9524;952.381;125000;125000
28;ch1: strobo;126;5250;5238.0952;-11.9048;;1512;1514.75;2.75;1.9048;5.2381;5238.0952;130238.0952;130250
30;BLACK;126;2375;2380.9524;-5.9524;;1514.75;1516;1.25;1.9048;2.381;2380.9524;132619.0476;132625
32;chorus:stern;126;13325;13333.3333;2.381;;1516;1523;7;1.9048;13.3333;13333.3333;145952.381;145950
34;strobo fast;126;3800;3809.5238;11.9048;;1523;1525;2;1.9048;3.8095;3809.5238;149761.9048;149750
36;full colors;126;3825;3809.5238;-3.5714;;1525;1527;2;1.9048;3.8095;3809.5238;153571.4286;153575
38;melody lick;126;7625;7619.0476;-9.5238;;1527;1531;4;1.9048;7.619;7619.0476;161190.4762;161200
40;verse 2;126;30475;30476.1905;-8.3333;;1531;1547;16;1.9048;30.4762;30476.1905;191666.6667;191675
42;touch;126;950;952.381;-5.9524;;1547;1547.5;0.5;1.9048;0.9524;952.381;192619.0476;192625
44;me;126;950;952.381;-3.5714;;1547.5;1548;0.5;1.9048;0.9524;952.381;193571.4286;193575
46;ch1: strobo;126;5225;5238.0952;9.5238;;1548;1550.75;2.75;1.9048;5.2381;5238.0952;198809.5238;198800
48;BLACK;126;2400;2380.9524;-9.5238;;1550.75;1552;1.25;1.9048;2.381;2380.9524;201190.4762;201200
50;chorus:stern;126;13325;13333.3333;-1.1905;;1552;1559;7;1.9048;13.3333;13333.3333;214523.8095;214525
52;strobo fast;126;3800;3809.5238;8.3333;;1559;1561;2;1.9048;3.8095;3809.5238;218333.3333;218325
54;full colors;126;3825;3809.5238;-7.1429;;1561;1563;2;1.9048;3.8095;3809.5238;222142.8571;222150
56;pre-Solo;126;11425;11428.5714;-3.5714;;1563;1569;6;1.9048;11.4286;11428.5714;233571.4286;233575
58;SOLO;126;13325;13333.3333;4.7619;;1569;1576;7;1.9048;13.3333;13333.3333;246904.7619;246900
60;TREMOLO;126;1900;1904.7619;9.5238;;1576;1577;1;1.9048;1.9048;1904.7619;248809.5238;248800
62;halfTime;126;3825;3809.5238;-5.9524;;1577;1579;2;1.9048;3.8095;3809.5238;252619.0476;252625
64;chorus:stern;126;2850;2857.1429;1.1905;;1579;1580.5;1.5;1.9048;2.8571;2857.1429;255476.1905;255475
66;TREMOLO;126;950;952.381;3.5714;;1580.5;1581;0.5;1.9048;0.9524;952.381;256428.5714;256425
68;chorus:stern;126;10475;10476.1905;4.7619;;1581;1586.5;5.5;1.9048;10.4762;10476.1905;266904.7619;266900
70;TREMOLO;126;950;952.381;7.1429;;1586.5;1587;0.5;1.9048;0.9524;952.381;267857.1429;267850
72;progStern;126;14300;14285.7143;-7.1429;;1587;1594.5;7.5;1.9048;14.2857;14285.7143;282142.8571;282150
74;Trommelwirbel;126;950;952.381;-4.7619;;1594.5;1595;0.5;1.9048;0.9524;952.381;283095.2381;283100
76;BLACK;126;7625;7619.0476;-10.7143;;1595;1599;4;1.9048;7.619;7619.0476;290714.2857;290725








15;Peoplo are people
;BPM;;;;;Takte/min;min/takt;sek/takt;ms/takt:;ms / halbtakt;; 
;120;;;;;30;0.0333;2;2000;1000;500;250
;StartTakt;1691;;;;StartBit;1691.125;0.125;;1000;500;250
;Songpart;;;ms;;LED-Programm;von takt;bis takt;takte;sek/takt;sekunden
0;BLACK;120;;8000;;black;1691.125;1695.125;4;2;8
2;text;120;;21750;;scrolltext;1695.125;1706;10.875;2;21.75
5;;120;;10000;;matrix;1706;1711;5;2;10
10;intro chorus;120;;15250;;stern;1711;1718.625;7.625;2;15.25
15;bam bam bam;120;;1250;;kurzer strobe;1718.625;1719.25;0.625;2;1.25
20;3er übergang;120;;2750;;linie;1719.25;1720.625;1.375;2;2.75
25;bam bam bam;120;;750;;langsamer strobo;1720.625;1721;0.375;2;0.75
30;mini pause;120;;1250;;black;1721;1721.625;0.625;2;1.25
35;snare wirbel;120;;750;;kurzer strobo;1721.625;1722;0.375;2;0.75
40;verse 1;120;;16000;;progCircles;1722;1730;8;2;16
45;verse 1b;120;;20000;;progCircles;1730;1740;10;2;20
50;all i ever wanted;120;;8000;;progCircles;1740;1744;4;2;8
55;words are very;120;;2000;;;1744;1745;1;2;2
60;1  2  3  4;120;;8000;;;1745;1749;4;2;8
65;enjoy the silence;120;;8000;;;1749;1753;4;2;8
70;enjoy the silence;120;;16000;;;1753;1761;8;2;16
75;bass slap part;120;;8000;;progCircles;1761;1765;4;2;8
80;all i ever wanted;120;;8000;;;1765;1769;4;2;8
85;words are very;120;;8000;;progCircles;1769;1773;4;2;8
90;all i ever wanted;120;;8000;;;1773;1777;4;2;8
95;words are very;120;;2000;;progCircles;1777;1778;1;2;2
100;1  2  3  4;120;;8000;;progFastBlingBling;1778;1782;4;2;8
105;enjoy the silence;120;;8000;;;1782;1786;4;2;8
110;enjoy the silence;120;;8000;;;1786;1790;4;2;8
115;enjoy the silence;120;;8000;;;1790;1794;4;2;8
120;enjoy the silence;120;;8000;;;1794;1798;4;2;8
125;enjoy the silence;120;;8000;;;1798;1802;4;2;8
130;enjoy the silence;120;;176000;;progBlack;1802;1890;88;2;176
135;BLACK;;;;;;;;0


16;Enjoy the silence;(CHECKED on 30.04.2021!!!)
;BPM;;;;;Takte/min;min/takt;sek/takt;ms/takt:;ms / halbtakt
;113;;;;;28.25;0.0354;2.1239;2123.8938;1061.9469;530.9735;265.4867
;StartTakt;1737;;;;StartBit;0.375;;;1050;525;250
;Songpart;;;ms;;LED-Programm;von takt;bis takt;takte;sek/takt;sekunden
0;text;113;;21504.4248;;;1737.375;1747.5;10.125;2.1239;21.5044
5;intro1;113;;11681.4159;;;1747.5;1753;5.5;2.1239;11.6814
10;verse 1a;113;;8495.5752;;;1753;1757;4;2.1239;8.4956
15;all i ever wanted;113;;8495.5752;;progFullColors;1757;1761;4;2.1239;8.4956
20;words are very;113;;7964.6018;;progStrobo;1761;1764.75;3.75;2.1239;7.9646
25;STOP;113;;530.9735;;;1764.75;1765;0.25;2.1239;0.531
30;drumloop;113;;2123.8938;;;1765;1766;1;2.1239;2.1239
35;synth;113;;16991.1504;;;1766;1774;8;2.1239;16.9912
40;verse 1a;113;;8495.5752;;progCircles;1774;1778;4;2.1239;8.4956
45;verse 1b;113;;8495.5752;;;1778;1782;4;2.1239;8.4956
50;all i ever wanted;113;;8495.5752;;progCircles;1782;1786;4;2.1239;8.4956
55;words are very;113;;8495.5752;;progCircles;1786;1790;4;2.1239;8.4956
60;1  2  3  4;113;;2123.8938;;;1790;1791;1;2.1239;2.1239
65;enjoy the silence;113;;8495.5752;;;1791;1795;4;2.1239;8.4956
70;enjoy the silence;113;;8495.5752;;;1795;1799;4;2.1239;8.4956
75;bass slap part;113;;16991.1504;;;1799;1807;8;2.1239;16.9912
80;all i ever wanted;113;;8495.5752;;progCircles;1807;1811;4;2.1239;8.4956
85;words are very;113;;8495.5752;;;1811;1815;4;2.1239;8.4956
90;all i ever wanted;113;;8495.5752;;progCircles;1815;1819;4;2.1239;8.4956
95;words are very;113;;8495.5752;;;1819;1823;4;2.1239;8.4956
100;1  2  3  4;113;;2123.8938;;progCircles;1823;1824;1;2.1239;2.1239
105;enjoy the silence;113;;8495.5752;;progFastBlingBling;1824;1828;4;2.1239;8.4956
110;enjoy the silence;113;;8495.5752;;;1828;1832;4;2.1239;8.4956
115;enjoy the silence;113;;8495.5752;;;1832;1836;4;2.1239;8.4956
120;enjoy the silence;113;;8495.5752;;;1836;1840;4;2.1239;8.4956
125;enjoy the silence;113;;8495.5752;;;1840;1844;4;2.1239;8.4956
130;enjoy the silence;113;;8495.5752;;;1844;1848;4;2.1239;8.4956
135;BLACK;113;;186902.6549;;progBlack;1848;1936;88;2.1239;186.9027
