;firework;am 08.05.2026 an gekürzte fassung angepasst // am 27.5.2024 an neue struktur angepasst
;BPM;;StartTakt;;;;Takte/min;min/takt;sek/takt;ms/takt:;ms / halbtakt;; ;Hz;Hz;triolisch;;6290;17000;22740
;124;;819;;;;31;0.0323;1.9355;1935.4839;967.7419;483.871;241.9355;0.5167;1.0333;645.1613;;970;;;5740
;;StartBit;0.25;;;akkum.;;;819.25;;970;485;240;120;60;322.5806;;15480
;Songpart;ms gerundet!!;LED-Programm;ms;;Abweichung;BPM;von takt;bis takt;takte;sek/takt;sekunden;millis;millis akkum;millis akkum;161.2903
;;;;;; (+ zu schnell);;;;;;;;theoret. Exakt;tatsächlich
0;text;6290;BLACK;6290;6290;0.3226;124;819.25;822.5;3.25;1.9355;6.2903;6290.3226;6290.3226;6290;3.25
5;snarewirbel;970;STROBE;968;970;-1.9355;124;822.5;823;0.5;1.9355;0.9677;967.7419;7258.0645;7260;0.5;;22740;17000;22740
5;intro1;15480;;15484;15485;1.9355;124;823;831;8;1.9355;15.4839;15483.871;22741.9355;22740;8
10;verse 1a;30970;;30968;30970;-0.3226;124;831;847;16;1.9355;30.9677;30967.7419;53709.6774;53710;16
20;bridge;13550;;13548;13550;-1.9355;124;847;854;7;1.9355;13.5484;13548.3871;67258.0645;67260;7
22;übergang;1935.4839;strobo;1935;1935;-1.9355;124;854;855;1;1.9355;1.9355;1935.4839;69193.5484;69195.4839;1
24;chorus 1;13545;;13548;13550;1.4516;124;855;862;7;1.9355;13.5484;13548.3871;82741.9355;82740.4839;7
26;übergang;1935;strobo;1935;1935;1.9355;124;862;863;1;1.9355;1.9355;1935.4839;84677.4194;84675.4839;1
28;chorus 2;15485;;15484;15485;0.8065;124;863;871;8;1.9355;15.4839;15483.871;100161.2903;100160.4839;8
30;verse 2a;15485;;15484;15485;-0.3226;124;871;879;8;1.9355;15.4839;15483.871;115645.1613;115645.4839;8
32;verse 2b;15485;;15484;15485;-1.4516;124;879;887;8;1.9355;15.4839;15483.871;131129.0323;131130.4839;8
34;bridge;15480;;15484;15485;2.4194;124;887;895;8;1.9355;15.4839;15483.871;146612.9032;146610.4839;8
36;chorus 1;15485;;15484;15485;1.2903;124;895;903;8;1.9355;15.4839;15483.871;162096.7742;162095.4839;8
38;chorus 2;15485;;15484;15485;0.1613;124;903;911;8;1.9355;15.4839;15483.871;177580.6452;177580.4839;8
40;BOOM 1;15485;;15484;15485;-0.9677;124;911;919;8;1.9355;15.4839;15483.871;193064.5161;193065.4839;8
42;nur vocals;15485;;15484;15485;-2.0968;124;919;927;8;1.9355;15.4839;15483.871;208548.3871;208550.4839;7
43;BOOM 2;15480;;15484;15485;1.7742;124;927;935;8;1.9355;15.4839;15483.871;224032.2581;224030.4839;1
44;BOOM 3;15485;;15484;15485;0.6452;124;935;943;8;1.9355;15.4839;15483.871;239516.129;239515.4839;-933
46;BOOM 4;13550;;13548.3871;;-0.9677;124;943;950;7;1.9355;13.5484;13548.3871;253064.5161;253065.4839;0
47;strobo snarewirbel;1935;;1935.4839;;-0.4839;124;950;951;1;1.9355;1.9355;1935.4839;255000;255000.4839;-8
;chorus 3a
;Überbang
48;chorus 3b;14515;;14516.129;;0.6452;124;951;958.5;7.5;1.9355;14.5161;14516.129;269516.129;269515.4839;130
49;strobo snarewirbel;970;;967.7419;;-1.6129;124;958.5;959;0.5;1.9355;0.9677;967.7419;270483.871;270485.4839;0
60;BLACK;10000;;1935.4839;;-8066.129;124;959;960;1;1.9355;1.9355;1935.4839;272419.3548;280485.4839;1
100;fini;;;1935.4839;;-6130.6452;124;960;961;1;1.9355;1.9355;1935.4839;274354.8387;280485.4839;2




