;Such a Shame;fertig am 17.09.2023
;BPM;;StartTakt;;;;Takte/min;min/takt;sek/takt;ms/takt:;ms / halbtakt;; ;Hz;Hz;;;11630;20000;18000;2000
;116;;1947;;;;29;0.0345;2.069;2068.9655;1034.4828;517.2414;258.6207;0.4833;0.9667;;;22750;14380;;16380
;;StartBit;0.375;;;akkum.;;;1947.375;;1035;515;260;130;65;32.5
;Songpart;ms gerundet!!;LED-Programm;ms;;Abweichung;BPM;von takt;bis takt;takte;sek/takt;sekunden;millis;millis akkum;millis akkum
;;auf 25, 50, 75, 00;;;; (+ zu schnell);;;;;;;;theoret. Exakt;tatsächlich;;;34380;34380
0;black;11630;BLACK;11637.931;;7.931;116;1947.375;1953;5.625;2.069;11.6379;11637.931;11637.931;11630
5;verse 1;22750;scrolltext;22758.6207;;16.5517;116;1953;1964;11;2.069;22.7586;22758.6207;34396.5517;34380
10;bridge;12410;matrix scanner;12413.7931;;20.3448;116;1964;1970;6;2.069;12.4138;12413.7931;46810.3448;46790
12;chorus 1;24820;stern;24827.5862;;27.931;116;1970;1982;12;2.069;24.8276;24827.5862;71637.931;71610
14;übergang;8270;fastBling;8275.8621;;33.7931;116;1982;1986;4;2.069;8.2759;8275.8621;79913.7931;79880
16;pause;5170;BLACK;5172.4138;;36.2069;116;1986;1988.5;2.5;2.069;5.1724;5172.4138;85086.2069;85050
18;verse 2;16550;;16551.7241;;37.931;116;1988.5;1996.5;8;2.069;16.5517;16551.7241;101637.931;101600
20;bridge 2;10340;;10344.8276;;42.7586;116;1996.5;2001.5;5;2.069;10.3448;10344.8276;111982.7586;111940
22;pause;2060;;2068.9655;;51.7241;116;2001.5;2002.5;1;2.069;2.069;2068.9655;114051.7241;114000
24;chorus 2;24820;;24827.5862;;59.3103;116;2002.5;2014.5;12;2.069;24.8276;24827.5862;138879.3103;138820
26;übergang;8270;;8275.8621;;65.1724;116;2014.5;2018.5;4;2.069;8.2759;8275.8621;147155.1724;147090
28;pause;4130;;4137.931;;73.1034;116;2018.5;2020.5;2;2.069;4.1379;4137.931;151293.1034;151220
30;strobo;1030;;1034.4828;;77.5862;116;2020.5;2021;0.5;2.069;1.0345;1034.4828;152327.5862;152250
32;solopart 1;16550;;16551.7241;;79.3103;116;2021;2029;8;2.069;16.5517;16551.7241;168879.3103;168800
34;solopart 2;14480;;14482.7586;;82.069;116;2029;2036;7;2.069;14.4828;14482.7586;183362.069;183280
36;bridge;10340;;10344.8276;;86.8966;116;2036;2041;5;2.069;10.3448;10344.8276;193706.8966;193620
38;pause;2060;;2068.9655;;95.8621;116;2041;2042;1;2.069;2.069;2068.9655;195775.8621;195680
40;chorus 1;33100;;33103.4483;;99.3103;116;2042;2058;16;2.069;33.1034;33103.4483;228879.3103;228780
42;übergang;8270;;8275.8621;;105.1724;116;2058;2062;4;2.069;8.2759;8275.8621;237155.1724;237050
44;fade out;6200;;6206.8966;;112.069;116;2062;2065;3;2.069;6.2069;6206.8966;243362.069;243250
46;BLACK;10000;;-62068.9655;;-71956.8966;116;2065;2035;-30;2.069;-62.069;-62068.9655;181293.1034;253250





;;;;;2122
;;;;;47;23.5;2098.5
;;;;;;;73470;36735;;76531


