27;I Wanna dance with somebody;;;;;ACHTUNG: BASIERT AUF: ALLE_SONGS;;;;;;triolen:;642.6667;321.3333;160.6667
;BPM;;StartTakt;;;;Takte/min;min/takt;sek/takt;ms/takt:;ms / halbtakt;; ;Hz;Hz
;124;;2212;;;akkum.;31;0.0323;1.9355;1935.4839;967.7419;483.871;241.9355;0.5167;1.0333;4.1333;2.0667
;;StartBit;0.375;;;Abweichung;;;2212.375;1928;964;480;240;120;60
;Songpart;ms gerundet!!;LED-Programm;ms;; (+ zu schnell);BPM;von takt;bis takt;takte;sek/takt;sekunden;millis;millis akkum;millis akkum
;;;;;;;;;;;;;;theoret. Exakt;tatsächlich
0;pause;4354.8387;progBlack;4354.8387;;0;124;2212.375;2214.625;2.25;1.9355;4.3548;4354.8387;4354.8387;4354.8387
5;strobo;725.8065;progStrobo;725.8065;;0;124;2214.625;2215;0.375;1.9355;0.7258;725.8065;5080.6452;5080.6452
10;intro;17419.3548;progPalette;17419.3548;;0;124;2215;2224;9;1.9355;17.4194;17419.3548;22500;22500
12;strobo;1935.4839;progStrobo;1935.4839;;0;124;2224;2225;1;1.9355;1.9355;1935.4839;24435.4839;24435.4839
14;verse 1;15483.871;progRandomLines;15483.871;;0;124;2225;2233;8;1.9355;15.4839;15483.871;39919.3548;39919.3548
16;ive done alright;11612.9032;progMatrixScanner;11612.9032;;0;124;2233;2239;6;1.9355;11.6129;11612.9032;51532.2581;51532.2581
18;übergang chorus;1935.4839;progStrobo;1935.4839;;0;124;2239;2240;1;1.9355;1.9355;1935.4839;53467.7419;53467.7419
20;chorus 1;13548.3871;progStern;13548.3871;;0;124;2240;2247;7;1.9355;13.5484;13548.3871;65080.6452;65080.6452
22;w. smbdy who loves me;1935.4839;progStrobo;1935.4839;;0;124;2247;2248;1;1.9355;1.9355;1935.4839;55403.2258;55403.2258
24;chorus 1 weiter;13548.3871;progStern;13548.3871;;0;124;2248;2255;7;1.9355;13.5484;13548.3871;78629.0323;78629.0323
26;w. smbdy who loves me;1935.4839;progFastBlingBling;1935.4839;;0;124;2255;2256;1;1.9355;1.9355;1935.4839;57338.7097;57338.7097
28;stehender chord;1935.4839;progStrobo;1935.4839;;0;124;2256;2257;1;1.9355;1.9355;1935.4839;80564.5161;80564.5161
30;übergang verse;1935.4839;progMatrixHorizontal;1935.4839;;0;124;2257;2258;1;1.9355;1.9355;1935.4839;59274.1935;59274.1935
32;verse 2;15483.871;progPalette;15483.871;;0;124;2258;2266;8;1.9355;15.4839;15483.871;96048.3871;96048.3871
34;ive done alright;11612.9032;progPalette;11612.9032;;0;124;2266;2272;6;1.9355;11.6129;11612.9032;70887.0968;70887.0968
36;übergang chorus;1935.4839;progStrobo;1935.4839;;0;124;2272;2273;1;1.9355;1.9355;1935.4839;97983.871;97983.871
38;chorus 2 ;13548.3871;progStern;13548.3871;;0;124;2273;2280;7;1.9355;13.5484;13548.3871;84435.4839;84435.4839
40;w. smbdy who loves me;1935.4839;progFastBlingBling;1935.4839;;0;124;2280;2281;1;1.9355;1.9355;1935.4839;99919.3548;99919.3548
42;chorus 2 weiter;13548.3871;progStern;13548.3871;;0;124;2281;2288;7;1.9355;13.5484;13548.3871;97983.871;97983.871
44;w. smbdy who loves me;1935.4839;progStrobo;1935.4839;;0;124;2288;2289;1;1.9355;1.9355;1935.4839;101854.8387;101854.8387
46;Say you wanna dance;13548.3871;progFastBlingBling;13548.3871;;0;124;2289;2296;7;1.9355;13.5484;13548.3871;111532.2581;111532.2581
48;übergang;1935.4839;progMatrixHorizontal;1935.4839;;0;124;2296;2297;1;1.9355;1.9355;1935.4839;103790.3226;103790.3226
50;i need a man …;11612.9032;progPalette;11612.9032;;0;124;2297;2303;6;1.9355;11.6129;11612.9032;123145.1613;123145.1613
52;übergang chorus;1935.4839;progStrobo;1935.4839;;0;124;2303;2304;1;1.9355;1.9355;1935.4839;105725.8065;105725.8065
54;chorus 3;13548.3871;progStern;13548.3871;;0;124;2304;2311;7;1.9355;13.5484;13548.3871;136693.5484;136693.5484
56;w. smbdy who loves me;1935.4839;progStrobo;1935.4839;;0;124;2311;2312;1;1.9355;1.9355;1935.4839;107661.2903;107661.2903
58;chorus 3 weiter;13548.3871;progStern;13548.3871;;0;124;2312;2319;7;1.9355;13.5484;13548.3871;150241.9355;150241.9355
60;w. smbdy who loves me;1935.4839;progStrobo;1935.4839;;0;124;2319;2320;1;1.9355;1.9355;1935.4839;109596.7742;109596.7742
62;Say you wanna dance;2661.2903;progRandomLines;2661.2903;;0;124;2320;2321.375;1.375;1.9355;2.6613;2661.2903;152903.2258;152903.2258
64;strobe;1209.6774;progFastBlingBling;1209.6774;;0;124;2321.375;2322;0.625;1.9355;1.2097;1209.6774;110806.4516;110806.4516
66;Say you wanna dance;2661.2903;progRandomLines;2661.2903;;0;124;2322;2323.375;1.375;1.9355;2.6613;2661.2903;155564.5161;155564.5161
68;strobe;1209.6774;progFastBlingBling;1209.6774;;0;124;2323.375;2324;0.625;1.9355;1.2097;1209.6774;112016.129;112016.129
70;Say you wanna dance;2661.2903;progRandomLines;2661.2903;;0;124;2324;2325.375;1.375;1.9355;2.6613;2661.2903;158225.8065;158225.8065
72;strobe;1209.6774;progFastBlingBling;1209.6774;;0;124;2325.375;2326;0.625;1.9355;1.2097;1209.6774;113225.8065;113225.8065
74;w. some…;1935.4839;progStern;1935.4839;;0;124;2326;2327;1;1.9355;1.9355;1935.4839;160161.2903;160161.2903
76;...bdy who loves me;1935.4839;progFastBlingBling;1935.4839;;0;124;2327;2328;1;1.9355;1.9355;1935.4839;115161.2903;115161.2903
78;BLACK;10000;progBlack;-54193.5484;;-64193.5484;124;2328;2300;-28;1.9355;-54.1935;-54193.5484;105967.7419;170161.2903


;;;LED BOARD;Stripe GIT
;;0;24435;4355;4355
;;5;;726;5081
;;10;;17419;22500
;;12;;1935
;;14
;;;24435;24435
;;;0


