8;Dancing on my own
;BPM;;StartTakt;;;;Takte/min;min/takt;sek/takt;ms/takt:;ms / halbtakt;; ;Hz;Hz;triolisch
;122;;259;1548;;;30.5;0.0328;1.9672;1967.2131;983.6066;491.8033;245.9016;0.5083;1.0167;655.7377;;5655;21395
;;StartBit;0.125;;;akkum.;;;259.125;;985;490;245;122.5;61.25;327.8689;;15740;;18500;2895
;Songpart;ms gerundet!!;LED-Programm;ms;;Abweichung;BPM;von takt;bis takt;takte;sek/takt;sekunden;millis;millis akkum;millis akkum;163.9344
;;;;;; (+ zu schnell);;;;;;;;theoret. Exakt;tatsächlich
0;black;5655;;5656;5655;0.7377;122;259.125;262;2.875;1.9672;5.6557;5655.7377;5655.7377;5655;2.875
5;bass;15740;;15738;15740;-1.5574;122;262;270;8;1.9672;15.7377;15737.7049;21393.4426;21395;8
10;somebody;15735;;15738;15740;1.1475;122;270;278;8;1.9672;15.7377;15737.7049;37131.1475;37130;8
15;git steigt ein;15740;;15738;15740;-1.1475;122;278;286;8;1.9672;15.7377;15737.7049;52868.8525;52870;8
20;yeah i knwo ist stupid;7870;;7869;7870;-2.2951;122;286;290;4;1.9672;7.8689;7868.8525;60737.7049;60740;4
25;chorus 1;15735;;15738;15740;0.4098;122;290;298;8;1.9672;15.7377;15737.7049;76475.4098;76475;8
30;chorus 1b;7870;;7869;7870;-0.7377;122;298;302;4;1.9672;7.8689;7868.8525;84344.2623;84345;4
35;i keep dancing;7870;;7869;7870;-1.8852;122;302;306;4;1.9672;7.8689;7868.8525;92213.1148;92215;4
40;pause vor verse 2a;3935;;3934;3935;-2.459;122;306;308;2;1.9672;3.9344;3934.4262;96147.541;96150;2
45;verse 2b;11800;;11803;11805;0.8197;122;308;314;6;1.9672;11.8033;11803.2787;107950.8197;107950;6
50;bridge;7870;19670;7869;7870;-0.3279;122;314;318;4;1.9672;7.8689;7868.8525;115819.6721;115820;4
55;chorus 1;15735;;15738;15740;2.377;122;318;326;8;1.9672;15.7377;15737.7049;131557.377;131555;8
60;chorus 1b;7870;;7869;7870;1.2295;122;326;330;4;1.9672;7.8689;7868.8525;139426.2295;139425;4
65;i keep dancing;7870;;7869;7870;0.082;122;330;334;4;1.9672;7.8689;7868.8525;147295.082;147295;4
70;instrumental;15740;;15738;15740;-2.2131;122;334;342;8;1.9672;15.7377;15737.7049;163032.7869;163035;8
75;so far away;15735;;15738;15740;0.4918;122;342;350;8;1.9672;15.7377;15737.7049;178770.4918;178770;8
80;im in the corner;5900;;5902;5900;2.1311;122;350;353;3;1.9672;5.9016;5901.6393;184672.1311;184670;3
85;snarewirbel;1970;;1967;1965;-0.6557;122;353;354;1;1.9672;1.9672;1967.2131;186639.3443;186640;1
90;chorus 1;7870;;7869;7870;-1.8033;122;354;358;4;1.9672;7.8689;7868.8525;194508.1967;194510;4
95;i keep dancing;7865;;7869;7870;2.0492;122;358;362;4;1.9672;7.8689;7868.8525;202377.0492;202375;4
100;chorus 1;15740;;15738;15740;-0.2459;122;362;370;8;1.9672;15.7377;15737.7049;218114.7541;218115;8
105;chorus 1b;7870;;7869;7870;-1.3934;122;370;374;4;1.9672;7.8689;7868.8525;225983.6066;225985;4
110;i keep dancing;7865;;7869;7870;2.459;122;374;378;4;1.9672;7.8689;7868.8525;233852.459;233850;4
115;i keep dancing;15740;;15738;15740;0.1639;122;378;386;8;1.9672;15.7377;15737.7049;249590.1639;249590;8
120;instrumental;15740;;15738;15740;-2.1311;122;386;394;8;1.9672;15.7377;15737.7049;265327.8689;265330;8
125;outro;3930;11800;3934;3935;2.2951;122;394;396;2;1.9672;3.9344;3934.4262;269262.2951;269260;6
127;black;10000;;-779016;-779015;-789014.0984;122;396;;-396;1.9672;-779.0164;-779016.3934;-509754.0984;279260





