;No Roots
;BPM;;StartTakt;;;;Takte/min;min/takt;sek/takt;ms/takt:;ms / halbtakt;; ;Hz;Hz;triolisch
;116;;696;;;;29;0.0345;2.069;2068.9655;1034.4828;517.2414;258.6207;0.4833;0.9667;689.6552
;;StartBit;0.25;;;akkum.;;;696.25;;1035;515;260;130;65;344.8276
;Songpart;ms gerundet!!;LED-Programm;ms;;Abweichung;BPM;von takt;bis takt;takte;sek/takt;sekunden;millis;millis akkum;millis akkum;172.4138
;;;;;; (+ zu schnell);;;;;;;;theoret. Exakt;tatsächlich
0;klick;6985;;6982.7586;;-2.2414;116;696.25;699.625;3.375;2.069;6.9828;6982.7586;6982.7586;6985
1;git;775;;775.8621;;-1.3793;116;699.625;700;0.375;2.069;0.7759;775.8621;7758.6207;7760
2;intro1;7500;;7500;;-1.3793;116;700;703.625;3.625;2.069;7.5;7500;15258.6207;15260
3;git;775;;775.8621;;-0.5172;116;703.625;704;0.375;2.069;0.7759;775.8621;16034.4828;16035
4;verse 1a;4135;;4137.931;;2.4138;116;704;706;2;2.069;4.1379;4137.931;20172.4138;20170
5;verse 1b;16555;;16551.7241;;-0.8621;116;706;714;8;2.069;16.5517;16551.7241;36724.1379;36725
6;verse 1c: built a home …;16550;;16551.7241;;0.8621;116;714;722;8;2.069;16.5517;16551.7241;53275.8621;53275
7;bridge;7915;;7913.7931;;-0.3448;116;722;725.825;3.825;2.069;7.9138;7913.7931;61189.6552;61190
8;ROOTS 1;1395;;1396.5517;;1.2069;116;725.825;726.5;0.675;2.069;1.3966;1396.5517;62586.2069;62585
9;chorus a;2745;;2741.3793;;-2.4138;116;726.5;727.825;1.325;2.069;2.7414;2741.3793;65327.5862;65330
10;ROOTS 2;1395;;1396.5517;;-0.8621;116;727.825;728.5;0.675;2.069;1.3966;1396.5517;66724.1379;66725
11;chorus a;3103.4483;;3103.4483;;-0.8621;116;728.5;730;1.5;2.069;3.1034;3103.4483;69827.5862;69828.4483
12;chorus rooooots;7758.6207;;7758.6207;;-0.8621;116;730;733.75;3.75;2.069;7.7586;7758.6207;77586.2069;77587.069
13;ROOTS 1;1551.7241;;1551.7241;;-0.8621;116;733.75;734.5;0.75;2.069;1.5517;1551.7241;79137.931;79138.7931
14;chorus a;2586.2069;;2586.2069;;-0.8621;116;734.5;735.75;1.25;2.069;2.5862;2586.2069;81724.1379;81725
15;ROOTS 2;1551.7241;;1551.7241;;-0.8621;116;735.75;736.5;0.75;2.069;1.5517;1551.7241;83275.8621;83276.7241
16;chorus a;3103.4483;;3103.4483;;-0.8621;116;736.5;738;1.5;2.069;3.1034;3103.4483;86379.3103;86380.1724
18;chorus rooooots;8275.8621;;8275.8621;;-0.8621;116;738;742;4;2.069;8.2759;8275.8621;94655.1724;94656.0345
20;verse 2a;16551.7241;;16551.7241;;-0.8621;116;742;750;8;2.069;16.5517;16551.7241;111206.8966;111207.7586
25;verse 2b;16551.7241;;16551.7241;;-0.8621;116;750;758;8;2.069;16.5517;16551.7241;127758.6207;127759.4828
27;bridge;7758.6207;;7758.6207;;-0.8621;116;758;761.75;3.75;2.069;7.7586;7758.6207;135517.2414;135518.1034
29;ROOTS 1;1551.7241;;1551.7241;;-0.8621;116;761.75;762.5;0.75;2.069;1.5517;1551.7241;137068.9655;137069.8276
31;chorus a;2586.2069;;2586.2069;;-0.8621;116;762.5;763.75;1.25;2.069;2.5862;2586.2069;139655.1724;139656.0345
33;ROOTS 2;1551.7241;;1551.7241;;-0.8621;116;763.75;764.5;0.75;2.069;1.5517;1551.7241;141206.8966;141207.7586
35;chorus a;3103.4483;;3103.4483;;-0.8621;116;764.5;766;1.5;2.069;3.1034;3103.4483;144310.3448;144311.2069
37;chorus rooooots;7758.6207;;7758.6207;;-0.8621;116;766;769.75;3.75;2.069;7.7586;7758.6207;152068.9655;152069.8276
39;ROOTS 1;1551.7241;;1551.7241;;-0.8621;116;769.75;770.5;0.75;2.069;1.5517;1551.7241;153620.6897;153621.5517
41;chorus a;2586.2069;;2586.2069;;-0.8621;116;770.5;771.75;1.25;2.069;2.5862;2586.2069;156206.8966;156207.7586
43;ROOTS 2;1551.7241;;1551.7241;;-0.8621;116;771.75;772.5;0.75;2.069;1.5517;1551.7241;157758.6207;157759.4828
45;chorus a;3103.4483;;3103.4483;;-0.8621;116;772.5;774;1.5;2.069;3.1034;3103.4483;160862.069;160862.931
47;chorus rooooots;8275.8621;;8275.8621;;-0.8621;116;774;778;4;2.069;8.2759;8275.8621;169137.931;169138.7931
49;zwischenspiel;18620.6897;;18620.6897;;-0.8621;116;778;787;9;2.069;18.6207;18620.6897;187758.6207;187759.4828
51;solo;16551.7241;;16551.7241;;-0.8621;116;787;795;8;2.069;16.5517;16551.7241;204310.3448;204311.2069
53;chorus;8275.8621;;8275.8621;;-0.8621;116;795;799;4;2.069;8.2759;8275.8621;212586.2069;212587.069
55;chorus;8275.8621;;8275.8621;;-0.8621;116;799;803;4;2.069;8.2759;8275.8621;220862.069;220862.931
57;chorus;0;;;;;;;807
59;chorus;0;;;;;;;810.75
61;ROOTS;0;;;;;;;815.58
100;fini;0



