28;Billie Jean;;;;;ACHTUNG: BASIERT AUF: ALLE_SONGS;;;;;;triolen:;625.3333;312.6667;156.3333
;BPM;;StartTakt;;;;Takte/min;min/takt;sek/takt;ms/takt:;ms / halbtakt;; ;Hz;Hz
;128;;2334;;;akkum.;32;0.0312;1.875;1875;937.5;468.75;234.375;0.5333;1.0667;4.2667;2.1333
;;StartBit;0.375;;;Abweichung;;;2334.375;1876;938;460;234;117;58.5
;Songpart;ms gerundet!!;LED-Programm;ms;; (+ zu schnell);BPM;von takt;bis takt;takte;sek/takt;sekunden;millis;millis akkum;millis akkum
;;;;;;;;;;;;;;theoret. Exakt;tatsächlich
0;pause;4921.875;;4921.875;;0;128;2334.375;2337;2.625;1.875;4.9219;4921.875;4921.875;4921.875
5;drums intro;7500;;7500;;0;128;2337;2341;4;1.875;7.5;7500;12421.875;12421.875
10;bass intro;7500;;7500;;0;128;2341;2345;4;1.875;7.5;7500;19921.875;19921.875
12;synth intro;7500;;7500;;0;128;2345;2349;4;1.875;7.5;7500;27421.875;27421.875
14;verse 1;7500;;7500;;0;128;2349;2353;4;1.875;7.5;7500;34921.875;34921.875
16;i am the one;15000;;15000;;0;128;2353;2361;8;1.875;15;15000;49921.875;49921.875
18;verse 2;7500;;7500;;0;128;2361;2365;4;1.875;7.5;7500;57421.875;57421.875
20;i am the one;7500;;7500;;0;128;2365;2369;4;1.875;7.5;7500;57421.875;57421.875
22;people alwys told me;14062.5;;14062.5;;0;128;2369;2376.5;7.5;1.875;14.0625;14062.5;71484.375;71484.375
24;strobe;937.5;;937.5;;0;128;2376.5;2377;0.5;1.875;0.9375;937.5;58359.375;58359.375
26;chorus 1;7500;;7500;;0;128;2377;2381;4;1.875;7.5;7500;78984.375;78984.375
28;i am the one;3750;;3750;;0;128;2381;2383;2;1.875;3.75;3750;62109.375;62109.375
30;chorus weiter;3750;;3750;;0;128;2383;2385;2;1.875;3.75;3750;82734.375;82734.375
32;i am the one;3750;;3750;;0;128;2385;2387;2;1.875;3.75;3750;65859.375;65859.375
34;instrumental;3750;;3750;;0;128;2387;2389;2;1.875;3.75;3750;86484.375;86484.375
36;verse 2 a;7500;;7500;;0;128;2389;2393;4;1.875;7.5;7500;73359.375;73359.375
38;i am the one;12187.5;;12187.5;;0;128;2393;2399.5;6.5;1.875;12.1875;12187.5;98671.875;98671.875
40;do think twice!!;2812.5;;2812.5;;0;128;2399.5;2401;1.5;1.875;2.8125;2812.5;76171.875;76171.875
42;verse 2 b;7500;;7500;;0;128;2401;2405;4;1.875;7.5;7500;106171.875;106171.875
44;i ma the one;4687.5;;4687.5;;0;128;2405;2407.5;2.5;1.875;4.6875;4687.5;80859.375;80859.375
46;BABY!!!;2812.5;;2812.5;;0;128;2407.5;2409;1.5;1.875;2.8125;2812.5;108984.375;108984.375
48;people always told me;14062.5;;14062.5;;0;128;2409;2416.5;7.5;1.875;14.0625;14062.5;94921.875;94921.875
50;heyhey;937.5;;937.5;;0;128;2416.5;2417;0.5;1.875;0.9375;937.5;109921.875;109921.875
52;chorus 2a;7500;;7500;;0;128;2417;2421;4;1.875;7.5;7500;102421.875;102421.875
54;iam the one;7500;;7500;;0;128;2421;2425;4;1.875;7.5;7500;117421.875;117421.875
56;chorus 2b;7500;;7500;;0;128;2425;2429;4;1.875;7.5;7500;109921.875;109921.875
58;i am the one;11250;;11250;;0;128;2429;2435;6;1.875;11.25;11250;128671.875;128671.875
60;instrumental;3750;;3750;;0;128;2435;2437;2;1.875;3.75;3750;113671.875;113671.875
62;solo a;15000;;15000;;0;128;2437;2445;8;1.875;15;15000;143671.875;143671.875
64;the ONE …..halftime;3750;;3750;;0;128;2445;2447;2;1.875;3.75;3750;117421.875;117421.875
66;instrumental;3750;;3750;;0;128;2447;2449;2;1.875;3.75;3750;147421.875;147421.875
68;STOP;2812.5;;2812.5;;0;128;2449;2450.5;1.5;1.875;2.8125;2812.5;120234.375;120234.375
70;STROBE;937.5;;937.5;;0;128;2450.5;2451;0.5;1.875;0.9375;937.5;148359.375;148359.375
72;chorus 3a;3750;;3750;;0;128;2451;2453;2;1.875;3.75;3750;123984.375;123984.375
74;i am the one;3750;;3750;;0;128;2453;2455;2;1.875;3.75;3750;152109.375;152109.375
76;intrumental;3750;;3750;;0;128;2455;2457;2;1.875;3.75;3750;127734.375;127734.375
78;i am the one;3750;;3750;;0;128;2457;2459;2;1.875;3.75;3750;155859.375;155859.375
80;intrumental;3750;;3750;;0;128;2459;2461;2;1.875;3.75;3750;131484.375;131484.375
82;outro;13125;;13125;;0;128;2461;2468;7;1.875;13.125;13125;168984.375;168984.375
84;not my lover;1875;;1875;;0;128;2468;2469;1;1.875;1.875;1875;133359.375;133359.375
86;BLACK;10000;;-255000;;-265000;128;2469;2333;-136;1.875;-255;-255000;-86015.625;178984.375


;;;LED BOARD;Stripe GIT
;;0;24435;4355;4355
;;5;;726;5081
;;10;;17419;22500
;;12;;1935
;;14
;;;24435;24435
;;;0



